latitude,longitude,received_power
51.0384762,-2.7383797,-101
51.0754049,-2.7223134,-101
51.0754049,-2.7223134,-101
51.0754049,-2.7223134,-101
51.0760109,-2.7225816,-101
51.0760109,-2.7225816,-101
51.0760109,-2.7225816,-101
51.0760109,-2.7225816,-101
51.0760109,-2.7225816,-101
51.0760109,-2.7225816,-101
51.1074679,-2.7426283,-101
51.1075108,-2.7430682,-101
51.1075108,-2.7430682,-101
51.1080365,-2.7466893,-101
51.1082351,-2.7477086,-101
51.1082351,-2.7477086,-101
51.1082351,-2.7477086,-101
51.1082351,-2.7477086,-101
51.1087124,-2.7495003,-101
51.1087124,-2.7495003,-101
51.1087124,-2.7495003,-101
51.1090398,-2.7504015,-101
51.1093295,-2.7509809,-101
51.1094904,-2.7513885,-101
51.1097639,-2.7522199,-101
51.1097639,-2.7522199,-101
51.1099303,-2.7535129,-101
51.1101286,-2.7551758,-101
51.1101286,-2.7551758,-101
51.1102681,-2.7562487,-101
51.0469251,-2.7395332,-100
51.0464692,-2.7392166,-100
51.0464692,-2.7392166,-100
51.0464692,-2.7392166,-100
51.0462332,-2.7390611,-100
51.0377467,-2.737972,-100
51.0377467,-2.737972,-100
51.0377467,-2.737972,-100
51.0354667,-2.6975887,-100
51.0354667,-2.6975887,-100
51.0354667,-2.6975887,-100
51.0541189,-2.718215,-100
51.0760109,-2.7225761,-100
51.0760109,-2.7225924,-100
51.0760109,-2.7225924,-100
51.0760109,-2.7225924,-100
51.0760109,-2.7225924,-100
51.0760057,-2.7225976,-100
51.0760057,-2.7225976,-100
51.0760057,-2.7225976,-100
51.0760057,-2.7225976,-100
51.0760002,-2.7226083,-100
51.075995,-2.7226083,-100
51.075995,-2.7226083,-100
51.1020017,-2.7358854,-100
51.1020017,-2.7358854,-100
51.1022966,-2.7358961,-100
51.1029296,-2.7359443,-100
51.1030798,-2.7359657,-100
51.104732,-2.7362716,-100
51.1052363,-2.7364218,-100
51.1072426,-2.7406328,-100
51.1072695,-2.7408528,-100
51.1072695,-2.7408528,-100
51.1073446,-2.741518,-100
51.1073713,-2.7417378,-100
51.1073928,-2.7419579,-100
51.0403323,-2.7007055,-99
51.0403323,-2.7007055,-99
51.0403323,-2.7007055,-99
51.0354667,-2.6975887,-99
51.0760002,-2.7226083,-99
51.0760002,-2.7226083,-99
51.0760002,-2.7226083,-99
51.075995,-2.7226083,-99
51.075995,-2.7226138,-99
51.075995,-2.7226138,-99
51.075995,-2.7226138,-99
51.075995,-2.7226138,-99
51.075995,-2.7226138,-99
51.0770786,-2.7228873,-99
51.077497,-2.7231126,-99
51.077497,-2.7231126,-99
51.0779529,-2.7233648,-99
51.0780656,-2.7234237,-99
51.1017227,-2.7358747,-99
51.1020017,-2.7358854,-99
51.1044586,-2.7362072,-99
51.1063521,-2.7372317,-99
51.1063521,-2.7372317,-99
51.1065936,-2.7374249,-99
51.1067598,-2.7374892,-99
51.10691,-2.7375484,-99
51.107012,-2.7376342,-99
51.107012,-2.7376342,-99
51.1070228,-2.7379291,-99
51.1070228,-2.7379291,-99
51.1082351,-2.7477086,-99
51.1082351,-2.7477086,-99
51.0533087,-2.7420812,-98
51.0531585,-2.7417164,-98
51.0529332,-2.7407508,-98
51.052783,-2.7406328,-98
51.0526383,-2.7406113,-98
51.0526383,-2.7406113,-98
51.0512972,-2.7383852,-98
51.0512757,-2.7383583,-98
51.0512757,-2.7383583,-98
51.0506587,-2.7390397,-98
51.0506587,-2.7390397,-98
51.0358047,-2.6977496,-98
51.0358047,-2.6977496,-98
51.0358047,-2.6977496,-98
51.0393076,-2.6997559,-98
51.048867,-2.7167826,-98
51.048867,-2.7167826,-98
51.0532122,-2.7179735,-98
51.0532122,-2.7179735,-98
51.0536468,-2.7181022,-98
51.0536468,-2.7181022,-98
51.0536468,-2.7181022,-98
51.0564094,-2.7211385,-98
51.0564094,-2.7211385,-98
51.0573106,-2.7210097,-98
51.0573106,-2.7210097,-98
51.0573106,-2.7210097,-98
51.0591185,-2.7226031,-98
51.0591185,-2.7226031,-98
51.0699599,-2.7268732,-98
51.0699599,-2.7268732,-98
51.0760057,-2.7225976,-98
51.0760057,-2.7225976,-98
51.075995,-2.7226138,-98
51.075995,-2.7226138,-98
51.075995,-2.7226138,-98
51.075995,-2.7226138,-98
51.075995,-2.7226138,-98
51.0760002,-2.7226083,-98
51.0760002,-2.7226083,-98
51.0760002,-2.7226083,-98
51.0760002,-2.7226083,-98
51.0760002,-2.7226031,-98
51.0760002,-2.7226031,-98
51.0760002,-2.7226031,-98
51.0760109,-2.7226031,-98
51.0760109,-2.7226031,-98
51.0760109,-2.7226031,-98
51.0891967,-2.7287023,-98
51.0891967,-2.7287023,-98
51.0549395,-2.7527027,-97
51.0549395,-2.7527027,-97
51.0548162,-2.7527189,-97
51.0521929,-2.7403593,-97
51.0486846,-2.7401822,-97
51.0485935,-2.7402842,-97
51.0444252,-2.7381115,-97
51.0444252,-2.7381115,-97
51.0444252,-2.7381115,-97
51.0444252,-2.7381115,-97
51.0377467,-2.737972,-97
51.0377467,-2.737972,-97
51.0377467,-2.737972,-97
51.0439317,-2.7369421,-97
51.0439317,-2.7369421,-97
51.0433578,-2.7097821,-97
51.0432827,-2.7092831,-97
51.0432076,-2.7087951,-97
51.0368507,-2.698329,-97
51.0368507,-2.698329,-97
51.0348766,-2.6971917,-97
51.0348766,-2.6971917,-97
51.0348766,-2.6971917,-97
51.0434597,-2.7105868,-97
51.0434597,-2.7105868,-97
51.0595958,-2.7229357,-97
51.0599661,-2.7231181,-97
51.075995,-2.7226083,-97
51.075995,-2.7226083,-97
51.075995,-2.7226138,-97
51.075995,-2.7226138,-97
51.075995,-2.7226138,-97
51.0760002,-2.7226083,-97
51.0844009,-2.728107,-97
51.0844009,-2.728107,-97
51.104732,-2.7362716,-97
51.054312,-2.7526813,-96
51.054312,-2.7526813,-96
51.0508358,-2.7388465,-96
51.0506587,-2.7390397,-96
51.0422151,-2.7382886,-96
51.0422151,-2.7382886,-96
51.0422151,-2.7382886,-96
51.041373,-2.7384012,-96
51.0384762,-2.7383797,-96
51.0384762,-2.7383797,-96
51.0384762,-2.7383797,-96
51.0377467,-2.7379398,-96
51.0377467,-2.7379398,-96
51.0377467,-2.7379398,-96
51.0409491,-2.7385247,-96
51.0409491,-2.7385247,-96
51.0409491,-2.7385247,-96
51.0415018,-2.7384119,-96
51.0415018,-2.7384119,-96
51.043433,-2.7382457,-96
51.043642,-2.7382295,-96
51.0380793,-2.6988869,-96
51.0380793,-2.6988869,-96
51.0380793,-2.6988869,-96
51.0380793,-2.6988869,-96
51.0380793,-2.6988869,-96
51.0380793,-2.6988869,-96
51.0365558,-2.6981735,-96
51.0365558,-2.6981735,-96
51.035955,-2.6978409,-96
51.0358047,-2.6977496,-96
51.0350537,-2.6972883,-96
51.0344903,-2.696811,-96
51.0344903,-2.696811,-96
51.0337985,-2.6961832,-96
51.0337985,-2.6961832,-96
51.0329187,-2.6956201,-96
51.0329187,-2.6956201,-96
51.0342221,-2.6965802,-96
51.0346031,-2.6969504,-96
51.0348766,-2.6971917,-96
51.0354667,-2.6975887,-96
51.0362284,-2.6980393,-96
51.0406756,-2.7013171,-96
51.0406756,-2.7013171,-96
51.0527241,-2.7178125,-96
51.0527241,-2.7178125,-96
51.0532122,-2.7179735,-96
51.0532122,-2.7179735,-96
51.0532122,-2.7179735,-96
51.0561948,-2.7211707,-96
51.0563021,-2.7211547,-96
51.0654538,-2.7272809,-96
51.0655825,-2.7273505,-96
51.0699599,-2.7268732,-96
51.0701585,-2.7267122,-96
51.0701585,-2.7267122,-96
51.0701585,-2.7267122,-96
51.0701585,-2.7267122,-96
51.0701585,-2.7267122,-96
51.0706787,-2.7260737,-96
51.0711293,-2.7255051,-96
51.0713332,-2.7252424,-96
51.0713332,-2.7252424,-96
51.071682,-2.7249098,-96
51.071682,-2.7249098,-96
51.071682,-2.7249098,-96
51.0721915,-2.7246039,-96
51.0721915,-2.7246039,-96
51.072315,-2.7245288,-96
51.072315,-2.7245288,-96
51.0728137,-2.7242284,-96
51.0729373,-2.7241533,-96
51.0730553,-2.7240729,-96
51.0730553,-2.7240729,-96
51.0730553,-2.7240729,-96
51.0735004,-2.7236168,-96
51.073597,-2.7234774,-96
51.073597,-2.7234774,-96
51.0739028,-2.7230697,-96
51.0741174,-2.7228391,-96
51.0741174,-2.7228391,-96
51.0741174,-2.7228391,-96
51.074584,-2.7224689,-96
51.074584,-2.7224689,-96
51.07482,-2.7223294,-96
51.07482,-2.7223294,-96
51.0758822,-2.7225118,-96
51.0759199,-2.7225225,-96
51.0759199,-2.7225225,-96
51.075995,-2.7225547,-96
51.075995,-2.7225547,-96
51.0760002,-2.7225602,-96
51.075995,-2.7226138,-96
51.0760002,-2.7226083,-96
51.0760002,-2.7226083,-96
51.0760002,-2.7226083,-96
51.0781837,-2.7234774,-96
51.0781837,-2.7234774,-96
51.0861068,-2.7284877,-96
51.0861068,-2.7284877,-96
51.1052363,-2.7364218,-96
51.1052363,-2.7364218,-96
51.1054778,-2.7365077,-96
51.1077845,-2.7451603,-96
51.1077845,-2.7451603,-96
51.1077845,-2.7451603,-96
51.1077845,-2.7451603,-96
51.1077845,-2.7451603,-96
51.1077845,-2.7451603,-96
51.1080365,-2.7466893,-96
51.1080365,-2.7466893,-96
51.0531104,-2.7415984,-95
51.0530405,-2.7413409,-95
51.0530405,-2.7413409,-95
51.0524023,-2.740531,-95
51.0524023,-2.740531,-95
51.0524023,-2.740531,-95
51.0523217,-2.7404666,-95
51.0523217,-2.7404666,-95
51.0521929,-2.7403593,-95
51.0521929,-2.7403593,-95
51.0521071,-2.7403002,-95
51.0519891,-2.7400749,-95
51.0519891,-2.7400749,-95
51.0519891,-2.7400749,-95
51.0519891,-2.7400749,-95
51.0519891,-2.7400749,-95
51.0519891,-2.7400749,-95
51.051544,-2.7387767,-95
51.051544,-2.7387767,-95
51.050396,-2.7393615,-95
51.0503101,-2.7394688,-95
51.0503101,-2.7394688,-95
51.0503101,-2.7394688,-95
51.048985,-2.739989,-95
51.0488777,-2.7400374,-95
51.0487759,-2.7400963,-95
51.0484219,-2.740504,-95
51.0482876,-2.740531,-95
51.0476923,-2.7401984,-95
51.0438943,-2.7381759,-95
51.043433,-2.7382081,-95
51.043433,-2.7382081,-95
51.043433,-2.7382081,-95
51.0381114,-2.7382402,-95
51.0381114,-2.7382402,-95
51.0381114,-2.7382402,-95
51.0377896,-2.7379184,-95
51.0377896,-2.7379184,-95
51.0383046,-2.7383797,-95
51.0383046,-2.7383797,-95
51.0383046,-2.7383797,-95
51.0383046,-2.7383797,-95
51.0389965,-2.7385514,-95
51.043921,-2.735719,-95
51.043921,-2.735719,-95
51.0439265,-2.7351825,-95
51.0439265,-2.7351825,-95
51.0432076,-2.7087951,-95
51.0430896,-2.7081029,-95
51.043036,-2.7078884,-95
51.0420113,-2.704643,-95
51.0420113,-2.704643,-95
51.0358047,-2.6977496,-95
51.0350537,-2.6972883,-95
51.0350537,-2.6972883,-95
51.0350537,-2.6972883,-95
51.0457664,-2.7168362,-95
51.0457664,-2.7168362,-95
51.045938,-2.7170722,-95
51.0532122,-2.7179735,-95
51.0662425,-2.7276938,-95
51.0662425,-2.7276938,-95
51.069665,-2.7270608,-95
51.069665,-2.7270608,-95
51.0760002,-2.7225602,-95
51.0760002,-2.7225602,-95
51.104008,-2.7361214,-95
51.104008,-2.7361214,-95
51.1075699,-2.7437282,-95
51.1076288,-2.7441895,-95
51.1076288,-2.7441895,-95
51.1076288,-2.7441895,-95
51.0530405,-2.7413409,-94
51.0529976,-2.7410781,-94
51.0529976,-2.7410781,-94
51.0529816,-2.7409546,-94
51.0529332,-2.7407508,-94
51.0526383,-2.7406113,-94
51.0521071,-2.7403002,-94
51.0521071,-2.7403002,-94
51.0474026,-2.7399783,-94
51.0473113,-2.7398818,-94
51.0473113,-2.7398818,-94
51.0439103,-2.7378862,-94
51.0439317,-2.7369421,-94
51.0439317,-2.7369421,-94
51.045171,-2.715302,-94
51.045171,-2.715302,-94
51.0449188,-2.7147925,-94
51.0396564,-2.7000563,-94
51.0365558,-2.6981735,-94
51.0365558,-2.6981735,-94
51.0401285,-2.7004747,-94
51.0405736,-2.7011292,-94
51.0406756,-2.7013171,-94
51.0406756,-2.7013171,-94
51.0410726,-2.7020574,-94
51.0410726,-2.7020574,-94
51.0410726,-2.7020574,-94
51.0410726,-2.7020574,-94
51.0410726,-2.7020574,-94
51.0434973,-2.7108443,-94
51.0546927,-2.718864,-94
51.0546927,-2.718864,-94
51.0546927,-2.718864,-94
51.0546927,-2.718864,-94
51.0591185,-2.7226031,-94
51.0595958,-2.7229357,-94
51.0595958,-2.7229357,-94
51.0658455,-2.7274899,-94
51.0784142,-2.7235632,-94
51.0784142,-2.7235632,-94
51.0784142,-2.7235632,-94
51.0787575,-2.7236652,-94
51.0787575,-2.7236652,-94
51.0787575,-2.7236652,-94
51.0792029,-2.7237885,-94
51.0794175,-2.7238421,-94
51.0794175,-2.7238421,-94
51.0797393,-2.7239335,-94
51.0800397,-2.7240086,-94
51.08056,-2.7241318,-94
51.080662,-2.724164,-94
51.0807638,-2.7241962,-94
51.08284,-2.7262239,-94
51.0850446,-2.7283483,-94
51.0852325,-2.7284019,-94
51.0852325,-2.7284019,-94
51.0854416,-2.7284396,-94
51.1060572,-2.7369421,-94
51.1060572,-2.7369421,-94
51.051544,-2.7387767,-93
51.051544,-2.7387767,-93
51.051544,-2.7387767,-93
51.0512435,-2.7383423,-93
51.0499132,-2.7398229,-93
51.0499132,-2.7398229,-93
51.0495806,-2.7398925,-93
51.0482876,-2.740531,-93
51.0480678,-2.740413,-93
51.0480678,-2.740413,-93
51.041373,-2.7384012,-93
51.0410941,-2.7384603,-93
51.0410941,-2.7384603,-93
51.0406756,-2.7385247,-93
51.0403967,-2.7385676,-93
51.0403967,-2.7385676,-93
51.0398388,-2.7385998,-93
51.0398388,-2.7385998,-93
51.0398388,-2.7385998,-93
51.0421937,-2.7383316,-93
51.0427463,-2.7382886,-93
51.0407667,-2.7014189,-93
51.0403323,-2.7007055,-93
51.0363841,-2.6981251,-93
51.0363841,-2.6981251,-93
51.0363841,-2.6981251,-93
51.0363841,-2.6981251,-93
51.0373068,-2.698565,-93
51.0541189,-2.718215,-93
51.0541189,-2.718215,-93
51.0546927,-2.718864,-93
51.0546927,-2.718864,-93
51.0548966,-2.7194111,-93
51.0548966,-2.7194111,-93
51.0552025,-2.7201622,-93
51.0552025,-2.7201622,-93
51.0552025,-2.7201622,-93
51.0554974,-2.7208166,-93
51.0554974,-2.7208166,-93
51.0554974,-2.7208166,-93
51.0554974,-2.7208166,-93
51.0558999,-2.7211921,-93
51.0564094,-2.7211385,-93
51.0568762,-2.7210741,-93
51.0568762,-2.7210741,-93
51.0570316,-2.7210526,-93
51.0570316,-2.7210526,-93
51.0826898,-2.7258914,-93
51.0826898,-2.7258914,-93
51.0891967,-2.7287023,-93
51.0891967,-2.7287023,-93
51.0906506,-2.7292228,-93
51.0906506,-2.7292228,-93
51.0906506,-2.7292228,-93
51.0906506,-2.7292228,-93
51.1054778,-2.7365077,-93
51.1122315,-2.7635336,-93
51.1122315,-2.7635336,-93
51.1122315,-2.7635336,-93
51.1121778,-2.7636139,-93
51.1121726,-2.7636087,-93
51.1121726,-2.7636087,-93
51.1121726,-2.7636087,-93
51.1121726,-2.7636087,-93
51.1121726,-2.7636087,-93
51.1121726,-2.7636087,-93
51.1121726,-2.7636087,-93
51.1121671,-2.7636087,-93
51.1121671,-2.7636032,-93
51.1121726,-2.7636032,-93
51.1121726,-2.7636032,-93
51.1121726,-2.7636032,-93
51.1121726,-2.7636032,-93
51.1121726,-2.7636032,-93
51.1121726,-2.7636032,-93
51.1121726,-2.7636032,-93
51.1121726,-2.7636032,-93
51.1121671,-2.7636032,-93
51.0533786,-2.7520053,-92
51.0535018,-2.7513187,-92
51.0537755,-2.7431111,-92
51.0537755,-2.7431111,-92
51.0518444,-2.7395492,-92
51.051544,-2.7387767,-92
51.0508358,-2.7388465,-92
51.0439317,-2.7362502,-92
51.043921,-2.735719,-92
51.043921,-2.735719,-92
51.0457289,-2.7215624,-92
51.0458899,-2.7200763,-92
51.0458899,-2.7200763,-92
51.0436261,-2.7115309,-92
51.0435884,-2.7112894,-92
51.0435884,-2.7112894,-92
51.0417109,-2.7034628,-92
51.0417109,-2.7034628,-92
51.0417109,-2.7034628,-92
51.0413032,-2.7023737,-92
51.0407667,-2.7014189,-92
51.0388355,-2.6993482,-92
51.0388355,-2.6993482,-92
51.0406756,-2.7013171,-92
51.0406756,-2.7013171,-92
51.0564094,-2.7211385,-92
51.0601966,-2.7232039,-92
51.0601966,-2.7232039,-92
51.0603147,-2.7232413,-92
51.0606205,-2.7233648,-92
51.0606205,-2.7233648,-92
51.0606205,-2.7233648,-92
51.0647941,-2.7269483,-92
51.0756409,-2.7224045,-92
51.0756409,-2.7224045,-92
51.0756409,-2.7224045,-92
51.0838108,-2.7277744,-92
51.0838108,-2.7277744,-92
51.0841649,-2.7279942,-92
51.0842669,-2.7280478,-92
51.0842669,-2.7280478,-92
51.0845511,-2.7281606,-92
51.084712,-2.7282035,-92
51.084873,-2.7282786,-92
51.0884726,-2.7286005,-92
51.0884726,-2.7286005,-92
51.0884726,-2.7286005,-92
51.0884726,-2.7286005,-92
51.0900228,-2.7289438,-92
51.0900228,-2.7289438,-92
51.0900228,-2.7289438,-92
51.0900228,-2.7289438,-92
51.0900228,-2.7289438,-92
51.1121833,-2.7636139,-92
51.1121778,-2.7636139,-92
51.1121778,-2.7636139,-92
51.1121778,-2.7636139,-92
51.1121778,-2.7636139,-92
51.1121778,-2.7636087,-92
51.1121778,-2.7636087,-92
51.1121726,-2.7636087,-92
51.1121726,-2.7636087,-92
51.1121726,-2.7636087,-92
51.1121726,-2.7636087,-92
51.1121726,-2.7636087,-92
51.1121726,-2.7636087,-92
51.1121671,-2.7636087,-92
51.1121671,-2.7636087,-92
51.1121671,-2.7636032,-92
51.1121726,-2.7636032,-92
51.1121726,-2.7636032,-92
51.0554116,-2.7525203,-91
51.0548162,-2.7527189,-91
51.0536735,-2.7526062,-91
51.0535769,-2.7525847,-91
51.0535769,-2.7525847,-91
51.0535769,-2.7525847,-91
51.0535769,-2.7525847,-91
51.0533357,-2.7524238,-91
51.0533357,-2.7522576,-91
51.0533357,-2.7522576,-91
51.0538988,-2.7490604,-91
51.0541563,-2.7435832,-91
51.0539203,-2.7433043,-91
51.0539203,-2.7433043,-91
51.0531104,-2.7415984,-91
51.052268,-2.7404182,-91
51.0521929,-2.7403593,-91
51.0521929,-2.7403593,-91
51.0439317,-2.7362502,-91
51.0439317,-2.7362502,-91
51.0439265,-2.7351825,-91
51.0439694,-2.7343242,-91
51.0436635,-2.7117615,-91
51.0373068,-2.698565,-91
51.0376232,-2.6987045,-91
51.037945,-2.6988547,-91
51.037945,-2.6988547,-91
51.0401285,-2.7004747,-91
51.0441141,-2.7133279,-91
51.0482931,-2.7164929,-91
51.0482931,-2.7164929,-91
51.048867,-2.7167826,-91
51.048867,-2.7167826,-91
51.048867,-2.7167826,-91
51.0501492,-2.7173996,-91
51.0501492,-2.7173996,-91
51.0506213,-2.7174478,-91
51.0516994,-2.7174211,-91
51.0520911,-2.7175605,-91
51.0520911,-2.7175605,-91
51.0520911,-2.7175605,-91
51.0520911,-2.7175605,-91
51.0526328,-2.7177751,-91
51.0526328,-2.7177751,-91
51.0588288,-2.722249,-91
51.0591185,-2.7226031,-91
51.0836713,-2.7276456,-91
51.083945,-2.7278709,-91
51.0840201,-2.7279191,-91
51.0840416,-2.7279298,-91
51.0856562,-2.7284663,-91
51.087641,-2.7285147,-91
51.0880487,-2.7285469,-91
51.0880487,-2.7285469,-91
51.1121027,-2.7629328,-91
51.1121027,-2.7629328,-91
51.1121027,-2.7629328,-91
51.1121833,-2.7636139,-91
51.1121833,-2.7636139,-91
51.1121833,-2.7636139,-91
51.0545695,-2.7527082,-90
51.0545695,-2.7527082,-90
51.0535769,-2.7509325,-90
51.0542583,-2.747231,-90
51.0543442,-2.7468717,-90
51.0529332,-2.7407508,-90
51.0529332,-2.7407508,-90
51.0518444,-2.7395492,-90
51.0518444,-2.7395492,-90
51.0518444,-2.7395492,-90
51.0484219,-2.740504,-90
51.0484219,-2.740504,-90
51.0480678,-2.740413,-90
51.0478907,-2.7402842,-90
51.0476923,-2.7401984,-90
51.0476923,-2.7401984,-90
51.0472202,-2.7397852,-90
51.0472202,-2.7397852,-90
51.0469251,-2.7395332,-90
51.0452354,-2.7259235,-90
51.0452354,-2.7259235,-90
51.0452354,-2.7259235,-90
51.0452354,-2.7259235,-90
51.045965,-2.7190785,-90
51.0435884,-2.7112894,-90
51.0435884,-2.7112894,-90
51.0434759,-2.7105384,-90
51.0432076,-2.7087951,-90
51.0429716,-2.7076793,-90
51.0429716,-2.7076793,-90
51.037945,-2.6988547,-90
51.037945,-2.6988547,-90
51.0416465,-2.7034199,-90
51.0416465,-2.7034199,-90
51.0418289,-2.7041011,-90
51.0571015,-2.7210419,-90
51.0571015,-2.7210419,-90
51.0579865,-2.7208972,-90
51.0579865,-2.7208972,-90
51.0691178,-2.7273076,-90
51.0691178,-2.7273076,-90
51.0694664,-2.7271574,-90
51.0760109,-2.7226031,-90
51.0760109,-2.7226031,-90
51.0760109,-2.7226031,-90
51.0762632,-2.7226298,-90
51.0762632,-2.7226298,-90
51.0762632,-2.7226298,-90
51.0762632,-2.7226298,-90
51.0766761,-2.7226889,-90
51.0766761,-2.7226889,-90
51.0770786,-2.7228873,-90
51.0770786,-2.7228873,-90
51.0834997,-2.7274525,-90
51.0835855,-2.7275598,-90
51.0836713,-2.7276456,-90
51.084079,-2.7279513,-90
51.084079,-2.7279513,-90
51.084079,-2.7279513,-90
51.0841219,-2.7279727,-90
51.0863428,-2.7284877,-90
51.0864663,-2.7284877,-90
51.0880487,-2.7285469,-90
51.0880487,-2.7285469,-90
51.0537755,-2.7431111,-89
51.052268,-2.7404182,-89
51.0446613,-2.7309716,-89
51.0447526,-2.7304566,-89
51.0447526,-2.7304566,-89
51.0452139,-2.7267711,-89
51.0452139,-2.7267711,-89
51.0458255,-2.7210848,-89
51.0461152,-2.7173619,-89
51.0461152,-2.7173619,-89
51.0461152,-2.7173245,-89
51.0448706,-2.7147067,-89
51.0448706,-2.7147067,-89
51.0420113,-2.704643,-89
51.0417109,-2.7034628,-89
51.0385728,-2.699198,-89
51.0385728,-2.699198,-89
51.0393076,-2.6997559,-89
51.040005,-2.700346,-89
51.0401285,-2.7004747,-89
51.0435348,-2.7110963,-89
51.0435348,-2.7110963,-89
51.0437386,-2.7122927,-89
51.0437386,-2.7122927,-89
51.0438673,-2.7127163,-89
51.0441141,-2.7133279,-89
51.0441141,-2.7133279,-89
51.047703,-2.7163267,-89
51.047703,-2.7163267,-89
51.0481429,-2.7164447,-89
51.048867,-2.7167826,-89
51.0582602,-2.7209668,-89
51.0582602,-2.7209668,-89
51.0583568,-2.7211707,-89
51.0583568,-2.7211707,-89
51.0584478,-2.7214282,-89
51.0585015,-2.7215624,-89
51.0585015,-2.7215624,-89
51.0585551,-2.7216964,-89
51.0695684,-2.7270985,-89
51.0831456,-2.7268946,-89
51.083945,-2.7278709,-89
51.083945,-2.7278709,-89
51.0864663,-2.7284877,-89
51.0867076,-2.7284825,-89
51.0868311,-2.7284825,-89
51.0868311,-2.7284825,-89
51.0869598,-2.7284877,-89
51.0872333,-2.7284932,-89
51.087641,-2.7285147,-89
51.087641,-2.7285147,-89
51.0533786,-2.7520053,-88
51.0533786,-2.7520053,-88
51.0547197,-2.7445273,-88
51.0547197,-2.7445273,-88
51.0547411,-2.7441947,-88
51.0547411,-2.7440715,-88
51.0547411,-2.7440715,-88
51.0547411,-2.7440338,-88
51.0547411,-2.7440338,-88
51.0546875,-2.7439642,-88
51.0512435,-2.7383423,-88
51.0512435,-2.7383423,-88
51.0511522,-2.7384334,-88
51.0511522,-2.7384334,-88
51.0511522,-2.7384334,-88
51.0510557,-2.7385836,-88
51.0510557,-2.7385836,-88
51.0508358,-2.7388465,-88
51.0495806,-2.7398925,-88
51.0461097,-2.7389805,-88
51.0461097,-2.7389805,-88
51.0461097,-2.7389805,-88
51.0461097,-2.7389805,-88
51.0427463,-2.7382886,-88
51.0427463,-2.7382886,-88
51.0432987,-2.7382402,-88
51.043905,-2.7381544,-88
51.0440981,-2.7334874,-88
51.0448008,-2.7301133,-88
51.0448008,-2.7301133,-88
51.0448008,-2.7301133,-88
51.0456216,-2.7222812,-88
51.0456216,-2.7222812,-88
51.045171,-2.715302,-88
51.045171,-2.715302,-88
51.0448706,-2.7147067,-88
51.0417109,-2.7034628,-88
51.0417109,-2.7034628,-88
51.0413032,-2.7023737,-88
51.0413032,-2.7023737,-88
51.0413032,-2.7023737,-88
51.0396564,-2.7000563,-88
51.038975,-2.6994555,-88
51.0418289,-2.7041011,-88
51.0438673,-2.7127163,-88
51.0438673,-2.7127163,-88
51.0446184,-2.7143204,-88
51.0449402,-2.714905,-88
51.0482931,-2.7164929,-88
51.0482931,-2.7164929,-88
51.0536468,-2.7181022,-88
51.0541189,-2.718215,-88
51.0541189,-2.718215,-88
51.0541189,-2.718215,-88
51.0604219,-2.723279,-88
51.060524,-2.7233164,-88
51.0609317,-2.7236919,-88
51.0649281,-2.7270072,-88
51.0649281,-2.7270072,-88
51.0649281,-2.7270072,-88
51.0838108,-2.7277744,-88
51.0838645,-2.7278173,-88
51.0854416,-2.7284396,-88
51.0856562,-2.7284663,-88
51.087641,-2.7285147,-88
51.055299,-2.7525795,-87
51.055181,-2.7526331,-87
51.0533357,-2.7524238,-87
51.0533357,-2.7524238,-87
51.0535984,-2.7427733,-87
51.0533571,-2.7421992,-87
51.0533571,-2.7421992,-87
51.0533087,-2.7420812,-87
51.0472202,-2.7397852,-87
51.0472202,-2.7397852,-87
51.0449994,-2.738251,-87
51.0449994,-2.738251,-87
51.0438943,-2.7381759,-87
51.0438943,-2.7381759,-87
51.0439103,-2.737999,-87
51.0439103,-2.7378862,-87
51.0439103,-2.7378862,-87
51.0444682,-2.7319372,-87
51.0444682,-2.7319372,-87
51.0446613,-2.7309716,-87
51.0451388,-2.7280104,-87
51.0451388,-2.7280104,-87
51.0452032,-2.7271252,-87
51.0452032,-2.7271252,-87
51.0453265,-2.7248507,-87
51.0453265,-2.7248507,-87
51.0457878,-2.72138,-87
51.0457878,-2.72138,-87
51.0455089,-2.7161336,-87
51.045171,-2.715302,-87
51.0407667,-2.7014189,-87
51.0407667,-2.7014189,-87
51.0403323,-2.7007055,-87
51.0396564,-2.7000563,-87
51.0396564,-2.7000563,-87
51.0388355,-2.6993482,-87
51.0388355,-2.6993482,-87
51.0388355,-2.6993482,-87
51.0385728,-2.699198,-87
51.0385728,-2.699198,-87
51.0385728,-2.699198,-87
51.0393076,-2.6997559,-87
51.041888,-2.7043211,-87
51.041888,-2.7043211,-87
51.0421669,-2.7054155,-87
51.0431004,-2.7083123,-87
51.0449402,-2.714905,-87
51.0451334,-2.7153075,-87
51.0451334,-2.7153075,-87
51.0576594,-2.7209508,-87
51.0576594,-2.7209508,-87
51.0588288,-2.722249,-87
51.0829902,-2.726562,-87
51.0831456,-2.7268946,-87
51.084873,-2.7282786,-87
51.0850446,-2.7283483,-87
51.0856562,-2.7284663,-87
51.0857635,-2.728477,-87
51.1058319,-2.7367275,-87
51.1058319,-2.7367275,-87
51.1121027,-2.7629328,-87
51.1122315,-2.7635336,-87
51.1122315,-2.7635336,-87
51.0571926,-2.7512276,-86
51.0571067,-2.751292,-86
51.0570209,-2.7513671,-86
51.0545909,-2.7457933,-86
51.0545909,-2.7457933,-86
51.0535984,-2.7427733,-86
51.0534589,-2.7424352,-86
51.0534589,-2.7424352,-86
51.0518444,-2.7395492,-86
51.0518444,-2.7395492,-86
51.0495806,-2.7398925,-86
51.0495806,-2.7398925,-86
51.0485935,-2.7402842,-86
51.0485935,-2.7402842,-86
51.0484219,-2.740504,-86
51.0484219,-2.740504,-86
51.0482876,-2.740531,-86
51.0461097,-2.7389805,-86
51.0455358,-2.7385836,-86
51.0452085,-2.738369,-86
51.0449994,-2.738251,-86
51.043433,-2.7382457,-86
51.043433,-2.7382457,-86
51.043642,-2.7382295,-86
51.0439317,-2.7369421,-86
51.0439694,-2.7343242,-86
51.0439694,-2.7343242,-86
51.0450153,-2.7288151,-86
51.0452943,-2.7252102,-86
51.0452943,-2.7252102,-86
51.0453856,-2.7242982,-86
51.0454016,-2.7241158,-86
51.0454874,-2.7233756,-86
51.0454874,-2.7233756,-86
51.0454874,-2.7233756,-86
51.0457289,-2.7215624,-86
51.0457878,-2.72138,-86
51.0459435,-2.7194219,-86
51.0459542,-2.7192502,-86
51.045965,-2.7190785,-86
51.0461152,-2.7173245,-86
51.0461152,-2.7173245,-86
51.0455732,-2.7163105,-86
51.0455089,-2.7161336,-86
51.0455089,-2.7161336,-86
51.0446024,-2.7142346,-86
51.0439479,-2.7128558,-86
51.0438728,-2.7126467,-86
51.0438728,-2.7126467,-86
51.0438728,-2.7126467,-86
51.0422688,-2.7057748,-86
51.0422688,-2.7057748,-86
51.0436099,-2.7115898,-86
51.0436904,-2.7120674,-86
51.0441141,-2.7133279,-86
51.0441141,-2.7133279,-86
51.0445111,-2.7141273,-86
51.0496395,-2.717303,-86
51.0496395,-2.717303,-86
51.0496395,-2.717303,-86
51.0496395,-2.717303,-86
51.0576594,-2.7209508,-86
51.0576594,-2.7209508,-86
51.0585551,-2.7216964,-86
51.0585551,-2.7216964,-86
51.0585551,-2.7216964,-86
51.0585551,-2.7216964,-86
51.0845511,-2.7281606,-86
51.0845511,-2.7281606,-86
51.0535769,-2.7509325,-85
51.0536413,-2.7505462,-85
51.0536413,-2.7505462,-85
51.0537112,-2.7501655,-85
51.0546875,-2.7450478,-85
51.0546875,-2.7450478,-85
51.0546982,-2.7448654,-85
51.0547197,-2.7445273,-85
51.0455358,-2.7385836,-85
51.0455358,-2.7385836,-85
51.0444252,-2.7381115,-85
51.0438943,-2.7381759,-85
51.0439694,-2.7343242,-85
51.0439694,-2.7343242,-85
51.0458469,-2.7207844,-85
51.0458522,-2.7206879,-85
51.0458522,-2.7206879,-85
51.0458522,-2.7206879,-85
51.0458522,-2.7206879,-85
51.0461204,-2.717201,-85
51.0461204,-2.717201,-85
51.0458522,-2.7168684,-85
51.0447311,-2.7144651,-85
51.0446024,-2.7142346,-85
51.0446024,-2.7142346,-85
51.0443609,-2.7137892,-85
51.0442805,-2.7136176,-85
51.0442805,-2.7136176,-85
51.0442805,-2.7136176,-85
51.0442805,-2.7136176,-85
51.0429931,-2.7078454,-85
51.0453908,-2.7159083,-85
51.0453908,-2.7159083,-85
51.0455303,-2.7163105,-85
51.0455303,-2.7163105,-85
51.06282,-2.7261007,-85
51.0631256,-2.726342,-85
51.0632222,-2.7264118,-85
51.0633242,-2.7264762,-85
51.0808659,-2.7242339,-85
51.0808659,-2.7242339,-85
51.0808659,-2.7242339,-85
51.0808659,-2.7242339,-85
51.08284,-2.7262239,-85
51.08284,-2.7262239,-85
51.1060572,-2.7369421,-85
51.1060572,-2.7369421,-85
51.0571926,-2.7512276,-84
51.054312,-2.7526813,-84
51.054312,-2.7526813,-84
51.054312,-2.7526813,-84
51.0537112,-2.7501655,-84
51.0537112,-2.7501655,-84
51.0540597,-2.748143,-84
51.0540597,-2.748143,-84
51.0542154,-2.7474134,-84
51.0542583,-2.747231,-84
51.0544837,-2.7439373,-84
51.0544837,-2.7439373,-84
51.0544837,-2.7439373,-84
51.0544837,-2.7439373,-84
51.0449994,-2.738251,-84
51.0449994,-2.738251,-84
51.0438943,-2.7381759,-84
51.043433,-2.7382081,-84
51.0429072,-2.7382457,-84
51.042639,-2.7382617,-84
51.0415018,-2.7384119,-84
51.0420542,-2.7383423,-84
51.0420542,-2.7383423,-84
51.0439103,-2.7378862,-84
51.0439103,-2.7378862,-84
51.0439103,-2.7378862,-84
51.0454874,-2.7233756,-84
51.0455787,-2.7226353,-84
51.0456216,-2.7222812,-84
51.0457075,-2.7216749,-84
51.0457289,-2.7215624,-84
51.0457878,-2.72138,-84
51.0457878,-2.72138,-84
51.0457878,-2.72138,-84
51.046083,-2.7176945,-84
51.046083,-2.7176945,-84
51.0461152,-2.7173619,-84
51.0461152,-2.7173619,-84
51.0461152,-2.7173245,-84
51.0458522,-2.7168684,-84
51.0448706,-2.7147067,-84
51.0433578,-2.7097821,-84
51.0446184,-2.7143204,-84
51.0453105,-2.7157097,-84
51.0456805,-2.7166753,-84
51.045938,-2.7170722,-84
51.045938,-2.7170722,-84
51.0633242,-2.7264762,-84
51.0658455,-2.7274899,-84
51.0658455,-2.7274899,-84
51.0658455,-2.7274899,-84
51.0668862,-2.727962,-84
51.0668862,-2.727962,-84
51.0672669,-2.7279942,-84
51.0672669,-2.7279942,-84
51.0672669,-2.7279942,-84
51.0676639,-2.7279139,-84
51.0676639,-2.7279139,-84
51.0808659,-2.7242339,-84
51.0813861,-2.7244644,-84
51.0813861,-2.7244644,-84
51.0537486,-2.7499776,-83
51.0538721,-2.7492428,-83
51.0538721,-2.7492428,-83
51.0541563,-2.7435832,-83
51.0439694,-2.7343242,-83
51.0440981,-2.7334874,-83
51.0440981,-2.7334874,-83
51.0440981,-2.7334874,-83
51.0440981,-2.7334874,-83
51.044275,-2.7326398,-83
51.0449295,-2.7292764,-83
51.0449295,-2.7292764,-83
51.0454016,-2.7241158,-83
51.0454016,-2.7241158,-83
51.0454016,-2.7241158,-83
51.0456002,-2.7224581,-83
51.0456216,-2.7222812,-83
51.046083,-2.7176945,-83
51.046083,-2.7176945,-83
51.0455089,-2.7161336,-83
51.0433953,-2.7100289,-83
51.0433953,-2.7100289,-83
51.0433953,-2.7100289,-83
51.0431004,-2.7083123,-83
51.0431433,-2.7085536,-83
51.0431433,-2.7085536,-83
51.0432558,-2.7093046,-83
51.0432558,-2.7093046,-83
51.0609317,-2.7236919,-83
51.0609317,-2.7236919,-83
51.0655825,-2.7273505,-83
51.0657113,-2.7274203,-83
51.0658455,-2.7274899,-83
51.044275,-2.7326398,-82
51.0444682,-2.7319372,-82
51.0458522,-2.7168684,-82
51.0458522,-2.7168684,-82
51.0422688,-2.7057748,-82
51.0422688,-2.7057748,-82
51.0420113,-2.704643,-82
51.0393076,-2.6997559,-82
51.0393076,-2.6997559,-82
51.0393076,-2.6997559,-82
51.0433364,-2.7098143,-82
51.0433793,-2.7100718,-82
51.0434222,-2.7103293,-82
51.0467749,-2.7166002,-82
51.0579114,-2.7209079,-82
51.0579865,-2.7208972,-82
51.0676639,-2.7279139,-82
51.054548,-2.7439535,-81
51.0438459,-2.7382188,-81
51.0438459,-2.7382188,-81
51.043905,-2.7381544,-81
51.0452139,-2.7267711,-81
51.0452139,-2.7267711,-81
51.0425425,-2.7067726,-81
51.0425425,-2.7067726,-81
51.041888,-2.7043211,-81
51.041888,-2.7043211,-81
51.0421669,-2.7054155,-81
51.042258,-2.7058446,-81
51.0423064,-2.7060537,-81
51.0428321,-2.7074432,-81
51.0428321,-2.7074432,-81
51.045938,-2.7170722,-81
51.045938,-2.7170722,-81
51.0467749,-2.7166002,-81
51.0474186,-2.7162783,-81
51.0474186,-2.7162783,-81
51.0642576,-2.7268033,-81
51.0643916,-2.7268302,-81
51.0643916,-2.7268302,-81
51.0647941,-2.7269483,-81
51.0831456,-2.7268946,-81
51.0834086,-2.7273345,-81
51.0535018,-2.7513187,-80
51.0546446,-2.7439587,-80
51.0545747,-2.7439535,-80
51.0545747,-2.7439535,-80
51.054564,-2.7439535,-80
51.0543065,-2.7437603,-80
51.0541563,-2.7435832,-80
51.0448759,-2.7296035,-80
51.0449028,-2.7294374,-80
51.0449295,-2.7292764,-80
51.0449295,-2.7292764,-80
51.045069,-2.7285039,-80
51.045069,-2.7285039,-80
51.045069,-2.7285039,-80
51.0451388,-2.7280104,-80
51.0451388,-2.7280104,-80
51.0452247,-2.7260952,-80
51.0458148,-2.721262,-80
51.0458255,-2.7210848,-80
51.0458255,-2.7210848,-80
51.045965,-2.7190785,-80
51.045965,-2.7190785,-80
51.045965,-2.7190785,-80
51.0460293,-2.7182739,-80
51.0819547,-2.7248454,-80
51.0819547,-2.7248454,-80
51.0819547,-2.7248454,-80
51.0819547,-2.7248454,-80
51.0819547,-2.7248454,-80
51.0819547,-2.7248454,-80
51.0825448,-2.7255642,-80
51.0543442,-2.7468717,-79
51.05443,-2.7465122,-79
51.0547464,-2.7440715,-79
51.0547464,-2.7440715,-79
51.0547411,-2.7440715,-79
51.054564,-2.743948,-79
51.054564,-2.7439535,-79
51.054564,-2.7439535,-79
51.054564,-2.7439535,-79
51.054564,-2.7439535,-79
51.0503101,-2.7394688,-79
51.0499132,-2.7398229,-79
51.0460293,-2.7182739,-79
51.0460293,-2.7182739,-79
51.0460293,-2.7182739,-79
51.0461204,-2.717201,-79
51.0461204,-2.717201,-79
51.0610712,-2.7239602,-79
51.0668862,-2.727962,-79
51.0668862,-2.727962,-79
51.0682273,-2.727726,-79
51.0683613,-2.7276616,-79
51.0813861,-2.7244644,-79
51.0813861,-2.7244644,-79
51.0544729,-2.7463353,-78
51.0544729,-2.7463353,-78
51.0545909,-2.7457933,-78
51.042639,-2.7382617,-78
51.044275,-2.7326398,-78
51.044275,-2.7326398,-78
51.0444682,-2.7319372,-78
51.0445969,-2.7313149,-78
51.0451388,-2.7280104,-78
51.0458899,-2.7200763,-78
51.0458899,-2.7200763,-78
51.0426443,-2.7070677,-78
51.0427356,-2.7072501,-78
51.0610712,-2.7239602,-78
51.061291,-2.7243841,-78
51.061291,-2.7243841,-78
51.0614519,-2.7246468,-78
51.0614519,-2.7246468,-78
51.056608,-2.7516997,-77
51.0565007,-2.75178,-77
51.0565007,-2.75178,-77
51.0537486,-2.7499776,-77
51.0540597,-2.748143,-77
51.0541778,-2.7475958,-77
51.0545909,-2.7457933,-77
51.0547411,-2.7441947,-77
51.0547464,-2.7441304,-77
51.0547464,-2.7441304,-77
51.0547464,-2.7440715,-77
51.042639,-2.7382617,-77
51.042639,-2.7382617,-77
51.042639,-2.7382617,-77
51.0421937,-2.7383316,-77
51.0421937,-2.7383316,-77
51.0421937,-2.7383316,-77
51.0451388,-2.7280104,-77
51.0429716,-2.7076793,-77
51.0429716,-2.7076793,-77
51.0425425,-2.7067726,-77
51.0422688,-2.7057748,-77
51.0422688,-2.7057748,-77
51.0423064,-2.7060537,-77
51.0424082,-2.7064776,-77
51.0424082,-2.7064776,-77
51.045938,-2.7170722,-77
51.0462332,-2.7171366,-77
51.062278,-2.7256231,-77
51.062278,-2.7256231,-77
51.062278,-2.7256231,-77
51.0625947,-2.7259076,-77
51.0625947,-2.7259076,-77
51.06282,-2.7261007,-77
51.0684955,-2.7276027,-77
51.0684955,-2.7276027,-77
51.0688763,-2.7274203,-77
51.0819547,-2.7248454,-77
51.0575037,-2.7492428,-76
51.0575037,-2.7492428,-76
51.0569994,-2.7496719,-76
51.05708,-2.749908,-76
51.0562913,-2.7519357,-76
51.0561788,-2.7520108,-76
51.0561788,-2.7520108,-76
51.0446291,-2.7311432,-76
51.0446613,-2.7309716,-76
51.0638874,-2.7267067,-76
51.0641289,-2.7267711,-76
51.0642576,-2.7268033,-76
51.0574393,-2.7509594,-75
51.0574393,-2.7509594,-75
51.0573912,-2.7510667,-75
51.0538988,-2.7490604,-75
51.0539632,-2.7486956,-75
51.0540276,-2.7483253,-75
51.0424082,-2.7064776,-75
51.0426443,-2.7070677,-75
51.057096,-2.7493553,-74
51.0570478,-2.7493823,-74
51.0570478,-2.7493823,-74
51.0570478,-2.7493823,-74
51.0573912,-2.7510667,-74
51.0572731,-2.7511632,-74
51.0462332,-2.7171366,-74
51.0462332,-2.7171366,-74
51.0467749,-2.7166002,-74
51.0467749,-2.7166002,-74
51.0467749,-2.7166002,-74
51.0614519,-2.7246468,-74
51.0614519,-2.7246468,-74
51.0617578,-2.7250867,-74
51.0617578,-2.7250867,-74
51.0617578,-2.7250867,-74
51.0625947,-2.7259076,-74
51.0684955,-2.7276027,-74
51.0684955,-2.7276027,-74
51.0688763,-2.7274203,-74
51.0580723,-2.7492909,-73
51.0580723,-2.7492909,-73
51.0580723,-2.7492909,-73
51.057375,-2.7507234,-73
51.0544729,-2.7463353,-73
51.0637748,-2.7266693,-73
51.0638874,-2.7267067,-73
51.0580723,-2.7492909,-72
51.0617578,-2.7250867,-72
51.0620904,-2.7254515,-72
51.0569942,-2.7494252,-71
51.0569942,-2.7494252,-71
51.0569942,-2.7494252,-71
51.0569942,-2.7494252,-71
51.057375,-2.7507234,-71
51.0574286,-2.750895,-71
51.0570209,-2.7513671,-71
51.0570209,-2.7513671,-71
51.0559642,-2.7521718,-71
51.0559642,-2.7521718,-71
51.0559642,-2.7521718,-71
51.0557497,-2.7523165,-71
51.0555296,-2.7524559,-71
51.0554116,-2.7525203,-71
51.0583191,-2.7491729,-70
51.0583191,-2.7491729,-70
51.0581582,-2.7492802,-70
51.0571282,-2.750042,-70
51.0571282,-2.750042,-70
51.0571818,-2.7501814,-70
51.0425425,-2.7067726,-70
51.0425425,-2.7067726,-70
51.0620904,-2.7254515,-70
51.0633242,-2.7264762,-70
51.063544,-2.7265835,-70
51.0569994,-2.7496719,-68
51.0572839,-2.7504659,-68
51.0572839,-2.7504659,-68
51.0580723,-2.7492909,-67
51.0575037,-2.7492428,-67
51.0575037,-2.7492428,-67
51.0580723,-2.7492909,-62
51.0580723,-2.7492909,-62
51.0588288,-2.7477944,-59
51.0588825,-2.7480304,-59
51.0588825,-2.7481484,-59
51.0588825,-2.7481484,-56
51.0588825,-2.7481484,-56
51.0588288,-2.7477944,-55
51.0586302,-2.7486634,-55
51.058507,-2.748878,-55
51.058507,-2.748878,-55
51.0583889,-2.7490819,-55
51.0588074,-2.748363,-53
51.0586946,-2.7485614,-53
51.0586302,-2.7486634,-53
51.0588341,-2.7466571,-50
51.0587645,-2.7469039,-50
51.0587215,-2.7471614,-49
51.0587161,-2.7472954,-49
51.0587161,-2.7472954,-49
51.0587482,-2.7475529,-49
51.0587482,-2.7475529,-43
51.0592096,-2.7461903,-41
51.0590057,-2.7463675,-40
51.0588825,-2.7465444,-40
51.0588341,-2.7466571,-40
