rlat,rlon,measured
20.0848811,-97.99688,-67.7
20.0848815,-97.99688,-66.6
20.0848817,-97.99688,-66.6
20.0848819,-97.99688,-66.9
20.0848821,-97.99688,-67.1
20.0848823,-97.99688,-67.3
20.0848825,-97.99688,-68.2
20.0848827,-97.99688,-70.4
20.0848829,-97.99688,-68.4
20.084883,-97.99688,-67.2
20.0848831,-97.99688,-67.6
20.0848831,-97.99688,-68.2
20.0848832,-97.99688,-71.6
20.0848833,-97.99688,-69.3
20.0848833,-97.99688,-68.3
20.0848834,-97.99688,-69.2
20.0848835,-97.99688,-70
20.0848835,-97.99688,-69.4
20.0848836,-97.99688,-69.6
20.0848837,-97.99688,-69.5
20.0848837,-97.99688,-69.5
20.0848838,-97.99688,-69.6
20.0848838,-97.99688,-69.9
20.0848839,-97.99688,-72.4
20.084884,-97.99688,-71.6
20.084884,-97.99688,-71.6
20.0848841,-97.99688,-71.2
20.0848842,-97.99688,-70.6
20.0848842,-97.99688,-70.7
20.0848843,-97.99688,-70.5
20.0848843,-97.99688,-71.4
20.0848844,-97.99688,-70.9
20.0848845,-97.99688,-71.4
20.0848845,-97.99688,-71.8
20.0848846,-97.99688,-69.8
20.0848847,-97.99688,-71.1
20.0848847,-97.99688,-72.2
20.0848848,-97.99688,-71.6
20.0848849,-97.99688,-72.2
20.0848849,-97.99688,-71.6
20.084885,-97.99688,-71.9
20.0848851,-97.99688,-69.8
20.0848851,-97.99688,-69.8
20.0848852,-97.99688,-70.2
20.0848853,-97.99688,-69.2
20.0848854,-97.99688,-69.8
20.0848855,-97.99688,-69.9
20.0848855,-97.99688,-69.8
20.0848856,-97.99688,-70.2
20.0848857,-97.99688,-69.3
20.0848858,-97.99688,-69.2
20.0848858,-97.99688,-69
20.0848859,-97.99688,-69.4
20.084886,-97.99688,-68.7
20.0848861,-97.99688,-69.3
20.0848862,-97.99688,-69.5
20.0848862,-97.99688,-69.4
20.0848863,-97.99688,-69.4
20.0848864,-97.99688,-69.4
20.0848865,-97.99688,-69.5
20.0848865,-97.99688,-69.3
20.0848866,-97.99688,-69
20.0848867,-97.99688,-69.1
20.0848868,-97.99688,-69.1
20.0848869,-97.99688,-69.5
20.0848869,-97.99688,-69.2
20.084887,-97.99688,-67.9
20.0848871,-97.99688,-67.2
20.0848872,-97.99688,-67.8
20.0848873,-97.99688,-67.4
20.0848874,-97.99688,-67.3
20.0848875,-97.99688,-68.2
20.0848876,-97.99688,-68.2
20.0848877,-97.99688,-68.3
20.0848878,-97.99688,-67.9
20.0848878,-97.99688,-67.2
20.0848879,-97.99688,-66.4
20.0848879,-97.99688,-67.1
20.0848877,-97.99688,-67.1
20.0848875,-97.99688,-68.1
20.0848873,-97.99688,-67.9
20.0848871,-97.99688,-68.1
20.0848879,-97.99688,-68
20.0848877,-97.99688,-68
20.0848874,-97.99688,-67.8
20.0848872,-97.99688,-67.5
20.0848875,-97.99688,-67.4
20.0848879,-97.99688,-67.3
20.0848877,-97.99688,-67.8
20.0848875,-97.99688,-67.9
20.0848873,-97.99688,-67.9
20.0848871,-97.99688,-68.4
20.0848871,-97.99688,-68.6
20.0848874,-97.99688,-68.6
20.0848878,-97.99688,-68.6
20.084888,-97.99688,-68.5
20.0848878,-97.99688,-68.6
20.0848877,-97.99688,-68.7
20.0848876,-97.99688,-68.5
20.0848875,-97.99688,-68.7
20.0848873,-97.99688,-68.8
20.0848872,-97.99688,-68.5
20.0848871,-97.99688,-68.8
20.0848871,-97.99688,-68
20.0848876,-97.99688,-67.7
20.0848878,-97.99688,-68.4
20.0848872,-97.99688,-69.2
20.0848873,-97.99688,-70.2
20.0848876,-97.99688,-69.7
20.0848879,-97.99688,-69.5
20.0848875,-97.99688,-70
20.0848875,-97.99688,-69.6
20.084888,-97.99688,-70.5
20.084888,-97.99688,-71
20.084888,-97.99688,-70.2
20.084888,-97.99688,-70.3
20.084888,-97.99688,-69.8
20.084888,-97.99688,-69.6
20.084888,-97.99688,-69.3
20.084888,-97.99688,-69.3
20.084888,-97.99688,-70.2
20.084888,-97.99688,-69.9
20.084919,-97.996834,-71.3
20.0849146,-97.996834,-76.8
20.084912,-97.996834,-75.5
20.0849095,-97.996834,-74.4
20.084907,-97.996834,-67.4
20.0849044,-97.996834,-65.8
20.0849019,-97.996834,-61.6
20.0848865,-97.99683,-64.1
20.084833,-97.996826,-69.2
20.0847815,-97.996818,-68.5
20.0847345,-97.9968145,-72.6
20.0846865,-97.996811,-69.3
20.084633,-97.996811,-70.3
20.0845805,-97.996811,-73.5
20.0845315,-97.996811,-74.8
20.0844875,-97.996811,-69.6
20.0844455,-97.996803,-70.8
20.0844025,-97.996792,-71.8
20.0843595,-97.9967725,-77
20.0843195,-97.9967385,-79.5
20.0842775,-97.996704,-76.4
20.0842355,-97.9966735,-75.1
20.0841955,-97.9966545,-76.7
20.0841595,-97.996639,-78.9
20.0841245,-97.99662,-77.7
20.0840805,-97.9965935,-78.2
20.0840285,-97.996586,-75
20.083972,-97.99659,-71.7
20.0839135,-97.9965935,-73.1
20.0838615,-97.996597,-73.3
20.0838125,-97.996605,-78.3
20.083766,-97.996605,-82.8
20.0837175,-97.996605,-86.9
20.0836745,-97.996605,-80.5
20.0836315,-97.996605,-83.6
20.0835875,-97.9966085,-84.9
20.0835445,-97.996612,-84.1
20.0835045,-97.996612,-82.6
20.0834675,-97.996612,-81.2
20.0834335,-97.99662,-79.8
20.083394,-97.99662,-79
20.083353,-97.99662,-78.3
20.0833085,-97.99662,-78.6
20.0832635,-97.99662,-79
20.0832165,-97.99662,-79.9
20.0831695,-97.996616,-81.2
20.0831265,-97.996612,-84.6
20.0830945,-97.996612,-86.2
20.083082,-97.9966085,-84.2
20.0830788,-97.996605,-84.8
20.0830772,-97.996605,-87.1
20.0830705,-97.9966085,-90
20.0830355,-97.996624,-90.6
20.0829975,-97.996639,-89
20.0829735,-97.9966545,-89
20.0829505,-97.99667,-91
20.0829265,-97.996674,-91.1
20.0829005,-97.9966775,-89.3
20.0828745,-97.996681,-86.2
20.082855,-97.996685,-85.2
20.082836,-97.996696,-87.7
20.0828015,-97.996704,-85.4
20.082757,-97.9967195,-81.4
20.082715,-97.9967385,-77.5
20.0826875,-97.996742,-81.2
20.082653,-97.996754,-83
20.0826265,-97.996758,-84.8
20.0825895,-97.996758,-85
20.0825475,-97.996769,-81.3
20.082511,-97.996784,-83.9
20.0824835,-97.996796,-85.5
20.082465,-97.9967995,-84.9
20.082456,-97.996803,-85
20.082451,-97.996811,-86.9
20.082444,-97.996811,-86.4
20.082446,-97.996818,-87.1
20.0824405,-97.996818,-90.1
20.082429,-97.996822,-93.4
20.082407,-97.996818,-93.2
20.0823745,-97.996818,-90.6
20.0823285,-97.996822,-89.5
20.0822975,-97.99683,-91.7
20.0822755,-97.996849,-91.7
20.082257,-97.996868,-97.5
20.0822335,-97.9968835,-99.7
20.0822125,-97.9968985,-98.4
20.0821865,-97.996914,-98.4
20.082158,-97.996925,-98.6
20.082133,-97.996937,-93.8
20.0821085,-97.996956,-95.8
20.0820815,-97.996975,-92
20.082055,-97.9969825,-90
20.0820255,-97.99699,-90.6
20.0819935,-97.997002,-91.7
20.08197,-97.997009,-91.5
20.0819495,-97.997009,-92.8
20.0819245,-97.997002,-94.4
20.081892,-97.996994,-94.2
20.0818565,-97.99699,-92.3
20.0818245,-97.996986,-91.8
20.0817875,-97.996986,-91.5
20.081748,-97.996979,-92.7
20.0817145,-97.996971,-94.1
20.0816795,-97.996975,-96.2
20.0816295,-97.9969675,-95.8
20.0815995,-97.99696,-97.4
20.0815665,-97.996952,-93.1
20.0815205,-97.996941,-88.2
20.0814875,-97.996941,-84.2
20.081473,-97.996952,-85.6
20.0814485,-97.996956,-85.7
20.0814135,-97.996956,-85
20.0813845,-97.996964,-86.4
20.0813535,-97.996975,-86.8
20.081316,-97.99699,-85.9
20.0812805,-97.997002,-87.2
20.0812505,-97.997009,-89.2
20.0812165,-97.997017,-91.7
20.0811765,-97.997024,-89.9
20.0811415,-97.997024,-93.7
20.0811085,-97.997028,-90.4
20.081071,-97.997032,-96.3
20.0810315,-97.997036,-96.2
20.0809925,-97.99704,-94.1
20.0809555,-97.99704,-92.1
20.0809185,-97.9970435,-94
20.0808815,-97.997059,-94.6
20.0808415,-97.997063,-93.6
20.0808015,-97.997063,-90.5
20.0807715,-97.9970665,-94.1
20.0807475,-97.99707,-95.1
20.0807305,-97.997063,-90.8
20.0807125,-97.997063,-90.3
20.080698,-97.997078,-96.7
20.080695,-97.9971005,-103.8
20.080705,-97.9971235,-105.3
20.080713,-97.9971585,-102.1
20.080715,-97.9971965,-101.3
20.080716,-97.997238,-103.1
20.080712,-97.9972765,-100.3
20.0807105,-97.9973105,-96.5
20.080718,-97.9973485,-97.4
20.0807305,-97.9973905,-99.9
20.08074,-97.9974285,-101
20.080737,-97.9974595,-102.1
20.080738,-97.9974975,-104.6
20.0807495,-97.9975355,-104.3
20.080763,-97.9975665,-104.6
20.080781,-97.9976005,-103.1
20.0807945,-97.9976345,-104.5
20.080799,-97.997654,-101.9
20.0808085,-97.9976885,-100.4
20.080825,-97.9977265,-97.9
20.080831,-97.9977605,-97.7
20.080835,-97.9977955,-97.2
20.080838,-97.9978295,-100.4
20.080836,-97.997852,-100.7
20.08083,-97.99786,-99.6
20.080817,-97.997871,-100
20.0808095,-97.997887,-100.5
20.080801,-97.997894,-99.7
20.0807928,-97.997902,-99.8
20.080792,-97.997904,-99.4
20.0807925,-97.99791,-101.6
20.080796,-97.997917,-102
20.0808,-97.9979135,-100.4
20.080801,-97.9979153,-95.6
20.0808085,-97.9979285,-95.6
20.080824,-97.997944,-94
20.080828,-97.997959,-94.8
20.080828,-97.9979745,-95.9
20.0808295,-97.997984,-96.4
20.0808315,-97.997986,-97.4
20.0808298,-97.997986,-99.1
20.0808268,-97.997986,-98.2
20.080821,-97.9979745,-95.7
20.0808185,-97.997971,-97.9
20.080818,-97.997965,-97.1
20.080815,-97.997963,-96.7
20.080813,-97.997959,-97.2
20.080811,-97.997959,-96.3
20.080805,-97.997963,-97.4
20.0807945,-97.997971,-94.3
20.08078,-97.997982,-96.6
20.0807565,-97.9979975,-100
20.0807265,-97.9980125,-99.6
20.080696,-97.998024,-100.1
20.0806615,-97.998032,-100.3
20.0806235,-97.998032,-99.7
20.0805885,-97.998024,-100.3
20.0805555,-97.9980125,-99
20.0805175,-97.9979975,-100.1
20.080473,-97.997986,-99.5
20.08043,-97.997986,-101.1
20.0803925,-97.998005,-106.2
20.0803545,-97.998016,-106.6
20.0803165,-97.998024,-105.3
20.0802815,-97.99802,-105.8
20.080248,-97.99802,-106
20.0802155,-97.998009,-105.6
20.0801775,-97.998009,-105.3
20.0801305,-97.998009,-106.7
20.080081,-97.998005,-107.5
20.080038,-97.998001,-108.3
20.079999,-97.9979975,-109.2
20.0799545,-97.997994,-108
20.0799205,-97.997994,-105
20.0798825,-97.998005,-107.5
20.0798475,-97.9980125,-107.8
20.0798175,-97.998016,-106
20.0797775,-97.998024,-106.1
20.0797395,-97.998032,-107.7
20.0797015,-97.9980355,-105
20.079669,-97.998043,-103.7
20.079651,-97.998058,-103.8
20.0796395,-97.9980775,-104.1
20.0796075,-97.9981005,-103.2
20.079566,-97.9981195,-103.8
20.079525,-97.998131,-104.3
20.079503,-97.998131,-105.6
20.0794905,-97.9981195,-107.7
20.0794755,-97.998104,-108.3
20.0794485,-97.9981,-108.7
20.079422,-97.998093,-108.2
20.0793955,-97.998081,-106.9
20.0793715,-97.99807,-108.4
20.0793465,-97.998058,-108.4
20.0793175,-97.998047,-109
20.0792855,-97.9980355,-106.8
20.0792445,-97.998032,-105
20.0792035,-97.99802,-104.9
20.0791615,-97.9979975,-105.3
20.0791195,-97.997982,-105.4
20.0790835,-97.997986,-105.8
20.079049,-97.997986,-105
20.0790155,-97.997986,-105.2
20.0789795,-97.997982,-105.7
20.0789425,-97.9979745,-105.2
20.0789085,-97.997967,-106
20.0788785,-97.997959,-106.5
20.078846,-97.997948,-106.8
20.0788125,-97.99794,-103.9
20.0787805,-97.997948,-104.8
20.0787535,-97.997948,-106
20.078721,-97.99794,-105.4
20.0786805,-97.9979285,-105.3
20.078639,-97.9979135,-106.1
20.0785975,-97.9978905,-104.7
20.078559,-97.997875,-107.1
20.0785295,-97.99786,-108.2
20.0784995,-97.9978445,-109.4
20.0784695,-97.997841,-109.3
20.0784415,-97.997833,-107.7
20.0784075,-97.997833,-109
20.0783665,-97.997826,-109.8
20.0783245,-97.997818,-111.3
20.0782835,-97.99781,-110.7
20.07825,-97.99781,-107.2
20.078232,-97.99781,-107.3
20.078206,-97.99781,-110
20.078187,-97.997822,-111.3
20.078166,-97.997833,-109.9
20.078145,-97.997841,-110.6
20.078123,-97.997837,-107.5
20.0781,-97.997822,-110.1
20.0780775,-97.9978025,-111.2
20.0780565,-97.9977875,-110.4
20.0780335,-97.9977685,-110
20.0780045,-97.997765,-110.9
20.0779695,-97.997772,-113.3
20.0779255,-97.997776,-113.1
20.0778855,-97.99778,-111.4
20.0778485,-97.997772,-109.2
20.0778145,-97.997772,-110
20.0777735,-97.997784,-108.6
20.0777295,-97.9977915,-108.4
20.0776895,-97.997795,-108.8
20.0776565,-97.997799,-108
20.0776325,-97.997803,-106.4
20.0776045,-97.99781,-105.6
20.0775775,-97.997822,-105.7
20.077551,-97.997833,-105.1
20.0775245,-97.997837,-104.2
20.0774925,-97.997841,-105.9
20.0774535,-97.997848,-106.8
20.077405,-97.997852,-107
20.0773585,-97.9978635,-106.4
20.077321,-97.9978865,-107.5
20.0772835,-97.997906,-108.8
20.0772475,-97.9979285,-108.8
20.0772095,-97.997932,-108
20.077178,-97.997936,-108
20.0771515,-97.99794,-107.4
20.0771255,-97.997948,-106.9
20.0770935,-97.997948,-107.4
20.0770545,-97.997955,-107.2
20.0770165,-97.997967,-106.9
20.0769785,-97.9979745,-106
20.0769405,-97.997978,-106
20.0769015,-97.997967,-107.3
20.076871,-97.997959,-106.8
20.076848,-97.997955,-105.3
20.076828,-97.997955,-106.3
20.0768045,-97.997955,-108.5
20.0767725,-97.997963,-110
20.0767385,-97.997963,-109.2
20.076708,-97.997963,-109
20.0766745,-97.997963,-110
20.076643,-97.997967,-108.1
20.0766155,-97.997971,-109.1
20.0765765,-97.997986,-109.2
20.0765435,-97.998005,-108
20.0765145,-97.99802,-107.8
20.0764845,-97.998028,-108.7
20.0764495,-97.998032,-108
20.076414,-97.998032,-107.8
20.0763765,-97.998039,-107.2
20.0763345,-97.998043,-106.8
20.076295,-97.998047,-107.3
20.0762585,-97.998054,-107.1
20.0762265,-97.998058,-106.5
20.0762005,-97.9980735,-107.2
20.0761755,-97.998081,-106.8
20.076148,-97.9980965,-104.8
20.076123,-97.9981,-104.5
20.076109,-97.9981,-106.7
20.0760975,-97.998104,-107.6
20.076098,-97.998112,-107.8
20.076098,-97.9981213,-107.4
20.076088,-97.9981195,-107.4
20.076079,-97.998108,-107.8
20.0760765,-97.9980965,-107.1
20.076065,-97.998081,-108
20.0760385,-97.998066,-107.2
20.0760095,-97.998054,-107.3
20.075983,-97.998062,-106.7
20.0759525,-97.99807,-106.1
20.0759155,-97.998077,-108.2
20.0758715,-97.998081,-107.9
20.0758275,-97.998089,-108.2
20.0757835,-97.9981,-107.5
20.0757415,-97.998108,-107.2
20.0756985,-97.9981195,-108.1
20.0756615,-97.9981345,-107.7
20.0756295,-97.99815,-108.7
20.0755985,-97.998161,-108.9
20.075572,-97.998161,-109.2
20.075553,-97.998169,-107.8
20.075529,-97.998177,-105
20.07554,-97.998169,-105.2
20.0755245,-97.9981805,-105.2
20.075472,-97.998207,-105.5
20.0754565,-97.9982185,-107.2
20.0754365,-97.998222,-106.4
20.0754145,-97.998222,-109.4
20.075393,-97.998226,-109.4
20.0753705,-97.99823,-107.8
20.075346,-97.998238,-106.1
20.0753215,-97.9982415,-107.2
20.0752955,-97.998245,-107
20.0752685,-97.998249,-106.4
20.075243,-97.99826,-109
20.0752175,-97.998272,-107.1
20.0751895,-97.998283,-107.5
20.075159,-97.9982985,-107
20.0751305,-97.998318,-107.8
20.0750965,-97.998333,-107.2
20.0750485,-97.998348,-109.7
20.0749955,-97.99836,-109.6
20.074971,-97.998356,-109.3
20.074952,-97.998352,-109.5
20.0749305,-97.998352,-109.2
20.0748965,-97.998352,-109.6
20.0748625,-97.99836,-108.8
20.0748285,-97.9983635,-109.4
20.0747945,-97.998367,-110.1
20.0747605,-97.998379,-110.2
20.0747365,-97.99839,-110.7
20.0747205,-97.9984095,-111
20.074712,-97.998417,-110.8
20.074706,-97.9984245,-110.3
20.074702,-97.9984271,-112.3
20.074706,-97.9984236,-112.2
20.0747145,-97.998421,-110.2
20.0747223,-97.9984219,-107.6
20.0747233,-97.9984254,-110
20.0747245,-97.998428,-108.8
20.074727,-97.998428,-106.9
20.074731,-97.998436,-104.5
20.0747319,-97.998436,-107.1
20.0747318,-97.998436,-105.1
20.0747317,-97.998436,-103.2
20.0747316,-97.998436,-103
20.0747315,-97.998436,-103
20.0747314,-97.998436,-103.2
20.0747313,-97.998436,-102.8
20.0747312,-97.998436,-102.5
20.0747311,-97.998436,-102.6
20.074731,-97.998436,-103.9
20.0747309,-97.998436,-104.8
20.0747308,-97.998436,-108.3
20.0747307,-97.998436,-109.2
20.0747306,-97.998436,-108.5
20.0747304,-97.998436,-109.7
20.0747303,-97.998436,-108.9
20.0747302,-97.998436,-109.2
20.0747301,-97.998436,-109.1
20.07473,-97.998436,-109.2
20.0747258,-97.998434,-109.3
20.0747201,-97.9984313,-109.7
20.0747144,-97.9984287,-109.4
20.0746845,-97.998432,-110.2
20.0746365,-97.998436,-110.8
20.074584,-97.998436,-110.7
20.0745315,-97.998436,-109.1
20.0744695,-97.998432,-111
20.0744155,-97.998421,-112.1
20.0743765,-97.998402,-111.4
20.074351,-97.99839,-110.8
20.0743285,-97.998379,-112.8
20.0743045,-97.998367,-112.8
20.0742845,-97.998371,-113.3
20.0742585,-97.998383,-112.7
20.0742265,-97.9983635,-113.5
20.0741855,-97.9983365,-113.6
20.074131,-97.998318,-113.9
20.0740745,-97.998295,-115
20.0740135,-97.998287,-114.9
20.0739605,-97.998276,-115
20.073908,-97.998268,-115.1
20.0738535,-97.998272,-113.6
20.0738125,-97.998295,-113
20.0737765,-97.9983255,-111.8
20.0737435,-97.998375,-112.4
20.0737135,-97.9984325,-112
20.0736815,-97.9985085,-112
20.073659,-97.998581,-112.4
20.0736255,-97.998604,-111.5
20.073575,-97.998604,-109.6
20.0735325,-97.9986195,-109.4
20.0734915,-97.9986495,-109.5
20.0734495,-97.998676,-109.3
20.073413,-97.998684,-109.3
20.0733775,-97.998676,-109.8
20.0733515,-97.998672,-108.2
20.073329,-97.99868,-108.5
20.073313,-97.9987105,-107.7
20.0732955,-97.9987485,-107.7
20.073283,-97.9987835,-106.5
20.073271,-97.9988135,-107
20.0732525,-97.9988325,-107.9
20.0732245,-97.9988555,-106.9
20.0731875,-97.998886,-107.2
20.0731545,-97.9989165,-107.2
20.0731335,-97.998951,-104.4
20.0731115,-97.9989925,-102.6
20.0730905,-97.9990275,-102.6
20.0730715,-97.999058,-104.2
20.0730485,-97.9990885,-106.1
20.073019,-97.9991305,-105.7
20.0729875,-97.9991605,-107.4
20.0729515,-97.9991985,-108.1
20.0729145,-97.9992405,-109.4
20.0728775,-97.999279,-110.2
20.0728365,-97.9993245,-112.2
20.0727985,-97.999363,-112.6
20.072769,-97.9993975,-114.8
20.0727425,-97.999424,-114
20.072712,-97.999439,-113.4
20.0726805,-97.9994545,-113.2
20.0726515,-97.9994775,-114.5
20.0726235,-97.999504,-116.5
20.0725965,-97.999527,-116
20.0725715,-97.999542,-115.6
20.072549,-97.999569,-115.7
20.0725245,-97.999607,-118.1
20.072483,-97.999649,-118.6
20.0724505,-97.999695,-117.8
20.07242,-97.999756,-118.6
20.0723925,-97.999809,-119.7
20.0716268,-98.000114,-114.2
20.0716267,-98.000114,-111.3
20.0716266,-98.000114,-110.5
20.0716265,-98.000114,-113.9
20.0716264,-98.000114,-113.6
20.0716263,-98.000114,-113.8
20.0716262,-98.000114,-118.9
20.0716261,-98.000114,-120.6
20.071626,-98.000114,-119.9
20.071626,-98.000114,-119.2
20.0716259,-98.000114,-119.2
20.0716258,-98.000114,-120.7
20.0716257,-98.000114,-121.2
20.0716256,-98.000114,-121.1
20.0716255,-98.000114,-120.9
20.0716254,-98.000114,-121
20.0716253,-98.000114,-117.1
20.0716252,-98.000114,-117.6
20.0716251,-98.000114,-119.5
20.0716251,-98.000114,-118.6
20.0716253,-98.000114,-116.4
20.0716255,-98.000114,-115.1
20.0716257,-98.000114,-115
20.0716259,-98.000114,-115.2
20.0716261,-98.000114,-115.7
20.0716263,-98.000114,-116
20.0716265,-98.000114,-116.1
20.0716267,-98.000114,-116.7
20.0716269,-98.000114,-116.7
20.0716267,-98.000114,-116.2
20.0716255,-98.000114,-116.6
20.0716243,-98.000114,-115.9
20.0716232,-98.000114,-117.2
20.071622,-98.000114,-116.9
20.0716208,-98.000114,-116.4
20.0716196,-98.000114,-115.5
20.0716184,-98.000114,-113.9
20.0716173,-98.000114,-109.7
20.0716161,-98.000114,-109.2
20.0716149,-98.000114,-115.8
20.0716137,-98.000114,-119.2
20.0716126,-98.000114,-120.1
20.0709285,-98.00095,-112
20.0709505,-98.000954,-111
20.0709905,-98.000946,-112.6
20.071025,-98.0009575,-110.7
20.0710555,-98.0009845,-111.5
20.0710885,-98.0010075,-112.2
20.0711195,-98.00103,-111.4
20.07115,-98.001049,-110.8
20.0711835,-98.00106,-111.9
20.0712205,-98.00106,-110.3
20.0712595,-98.001049,-109.8
20.07129,-98.001049,-108
20.0713165,-98.001064,-109.5
20.0713475,-98.001068,-110.6
20.0713765,-98.001072,-111.5
20.0714035,-98.001076,-112.5
20.071433,-98.001076,-109.6
20.0714655,-98.001076,-109.2
20.0714995,-98.001072,-110
20.0715255,-98.001068,-112.4
20.07154,-98.001068,-111.6
20.071561,-98.001068,-112.1
20.071579,-98.001068,-110.9
20.071586,-98.0010835,-112.2
20.071599,-98.001114,-112.3
20.0716245,-98.0011255,-111
20.0716495,-98.001122,-110.3
20.071677,-98.001133,-111.6
20.071701,-98.001152,-109.2
20.071723,-98.001179,-109.1
20.0717455,-98.0012015,-109.9
20.0717695,-98.0012245,-109.7
20.0717895,-98.0012515,-109.8
20.071808,-98.001274,-108.7
20.07183,-98.0013045,-109.2
20.071843,-98.0013275,-109.8
20.0718595,-98.0013465,-110
20.0718795,-98.001354,-110.2
20.071896,-98.001366,-111.2
20.071901,-98.001377,-110.8
20.071907,-98.0013845,-111.1
20.0719105,-98.001388,-110.8
20.071912,-98.0014,-110.2
20.0719195,-98.001415,-110
20.071929,-98.001442,-108.8
20.0719425,-98.0014765,-109
20.0719615,-98.0015225,-108.8
20.0719945,-98.0015755,-106.1
20.072031,-98.0016215,-104.6
20.0720575,-98.001671,-104.1
20.0720795,-98.001732,-101.6
20.072088,-98.0018005,-100.8
20.072093,-98.0018615,-104
20.0721075,-98.001915,-103.1
20.0721215,-98.0019685,-106.2
20.072135,-98.0020175,-103.9
20.072144,-98.0020715,-104.7
20.0721465,-98.0021135,-103
20.0721275,-98.002148,-107
20.0720885,-98.0021705,-108.6
20.0720395,-98.0021895,-107.9
20.0719985,-98.002201,-108.3
20.0719555,-98.002216,-105.6
20.0719225,-98.0022315,-104.9
20.071888,-98.002243,-103.5
20.0718445,-98.0022585,-103.4
20.0717975,-98.0022885,-103.9
20.0717585,-98.002308,-104.3
20.071722,-98.002323,-105.4
20.0716845,-98.002346,-104.6
20.0716575,-98.002358,-103.6
20.0716245,-98.002369,-103.1
20.0715805,-98.002388,-102.2
20.0715425,-98.0023995,-101.9
20.0715035,-98.002403,-101.1
20.071491,-98.002403,-97.8
20.0714715,-98.002396,-96.5
20.071448,-98.0024105,-98.9
20.071439,-98.0024145,-103.8
20.0714025,-98.0023995,-104
20.0713645,-98.0023765,-106.2
20.071334,-98.0023615,-104.8
20.071306,-98.00235,-103.2
20.0712785,-98.002346,-104.3
20.0712545,-98.0023615,-104.4
20.071234,-98.002369,-103.2
20.0712135,-98.002354,-102.8
20.0711935,-98.002342,-103.6
20.0711685,-98.002335,-102.8
20.071142,-98.002342,-102.4
20.0711215,-98.002354,-103.8
20.0711,-98.002369,-98.3
20.0710765,-98.0023765,-96.4
20.0710535,-98.0023955,-98.1
20.071024,-98.0024295,-93.6
20.071006,-98.0024755,-96
20.070986,-98.002533,-101
20.0709565,-98.0025715,-105.8
20.0709215,-98.002598,-106.6
20.0708935,-98.002613,-106.4
20.070859,-98.002624,-108.5
20.0708325,-98.0026585,-110.2
20.070798,-98.0027195,-110.5
20.0707655,-98.0027655,-110.6
20.0707285,-98.002815,-112.2
20.0707005,-98.0028685,-110.6
20.0706725,-98.0029185,-111.7
20.0706355,-98.0029645,-112.2
20.0706015,-98.0030095,-112.4
20.070569,-98.0030515,-112.8
20.0705385,-98.003105,-113.3
20.0705025,-98.0031545,-111.6
20.0704665,-98.0032005,-114.4
20.0704335,-98.0032385,-112.4
20.07041,-98.003269,-113
20.0703965,-98.003296,-113.2
20.0703745,-98.0033455,-113.4
20.0703555,-98.0033915,-113.8
20.07034,-98.003437,-115.4
20.0703335,-98.0034865,-115.5
20.070329,-98.0035365,-117.6
20.070345,-98.003586,-117.6
20.070358,-98.003647,-117.4
20.0703535,-98.003708,-116
20.0703315,-98.003769,-115.7
20.0702895,-98.0038375,-117.6
20.0702565,-98.0038945,-118.6
20.070201,-98.0040095,-118.8
20.070194,-98.004055,-113.7
20.070185,-98.0041085,-116.1
20.07018,-98.0041545,-117.5
20.070173,-98.0041995,-118.2
20.070176,-98.0042455,-118.6
20.070183,-98.0042995,-118.8
20.070187,-98.00436,-118
20.0701885,-98.0044215,-117.4
20.070196,-98.0044745,-116.5
20.070203,-98.004532,-116.3
20.0702095,-98.004585,-116.5
20.07022,-98.0046465,-117.5
20.070232,-98.0046995,-116.6
20.0702495,-98.004753,-112.8
20.0702685,-98.0048025,-115.4
20.070275,-98.0048565,-116.7
20.070271,-98.004898,-117.1
20.070263,-98.0049365,-119.9
20.069846,-98.005455,-117
20.069826,-98.0054855,-113.5
20.0698035,-98.005516,-115.2
20.0697735,-98.0055545,-114.7
20.069745,-98.005566,-112.8
20.0697145,-98.005577,-114.3
20.0696815,-98.0055885,-115.5
20.0696505,-98.0056,-113.9
20.069624,-98.005608,-114.3
20.0695905,-98.0056265,-113.8
20.069561,-98.005642,-114.8
20.0695275,-98.005657,-117.8
20.0694895,-98.0056765,-117
20.0694525,-98.005703,-116.4
20.0694235,-98.0057335,-118.1
20.0694045,-98.005749,-114.5
20.069393,-98.005772,-119.5
20.0693845,-98.005787,-117.8
20.0693255,-98.005844,-114.6
20.069292,-98.005863,-112.5
20.0692635,-98.005886,-111.6
20.069233,-98.005898,-115.9
20.0691995,-98.005894,-116.8
20.069168,-98.005882,-118.2
20.0691375,-98.005882,-116.3
20.069111,-98.0059015,-115.5
20.069088,-98.0059355,-116.1
20.069088,-98.005959,-115.5
20.069095,-98.005966,-115.5
20.069097,-98.00597,-114.3
20.0690982,-98.005974,-115.2
20.0690988,-98.005974,-115.5
20.069099,-98.0059775,-115.3
20.069101,-98.0059744,-113.9
20.069101,-98.0059762,-111.6
20.069101,-98.0059779,-112.3
20.069101,-98.0059797,-112.6
20.069103,-98.005981,-114.6
20.069108,-98.005966,-112.9
20.0691105,-98.0059643,-112.1
20.069107,-98.005959,-106.6
20.069104,-98.005951,-106.4
20.069101,-98.0059497,-105.1
20.069101,-98.0059443,-104.8
20.0691003,-98.005943,-105.2
20.0690993,-98.005943,-104.3
20.0690998,-98.005943,-104.9
20.0691008,-98.005943,-105
20.0691008,-98.005943,-106.6
20.0690998,-98.005943,-105.9
20.0690995,-98.005943,-104.7
20.0690992,-98.005943,-103
20.069099,-98.0059418,-102.8
20.069099,-98.0059372,-103.3
20.0690988,-98.0059364,-105.2
20.0690986,-98.0059369,-103.6
20.0690984,-98.0059375,-104.8
20.0690981,-98.005938,-104.8
20.0690979,-98.0059386,-104
20.0690977,-98.0059391,-102.3
20.0690972,-98.0059402,-116.5
20.069097,-98.0059407,-114.6
20.0690968,-98.0059413,-113.2
20.0690965,-98.0059418,-113.4
20.0690963,-98.0059423,-111
20.0690961,-98.0059429,-106.9
20.069085,-98.005955,-105.6
20.0690595,-98.005959,-107.2
20.0690245,-98.005966,-108.6
20.0689785,-98.0059775,-108.8
20.0689335,-98.005993,-108.6
20.0688945,-98.006008,-108.2
20.0688625,-98.0060235,-105.9
20.0688335,-98.006046,-107.8
20.0687935,-98.0060615,-108.4
20.0687475,-98.006077,-110.9
20.068693,-98.006092,-111.8
20.0686425,-98.0061075,-112.8
20.0686075,-98.0061225,-111
20.068573,-98.0061455,-112.4
20.0685385,-98.0061685,-110.9
20.06851,-98.006191,-107.8
20.0684785,-98.006203,-108.2
20.0684425,-98.006203,-104.9
20.0684015,-98.006203,-103.6
20.068357,-98.0061495,-104.5
20.068363,-98.0061225,-104.2
20.0683575,-98.006092,-105.6
20.068355,-98.006081,-105
20.068349,-98.006069,-106
20.068342,-98.006054,-105.1
20.0683335,-98.0060425,-105.9
20.068319,-98.006042,-107
20.068318,-98.006031,-108
20.0683305,-98.006016,-108.6
20.0683565,-98.005993,-109.4
20.068385,-98.0059775,-109.8
20.0684145,-98.005974,-109.9
20.0684455,-98.005981,-109.1
20.0684775,-98.005989,-109.3
20.0685055,-98.005989,-108.4
20.0685365,-98.005993,-106.6
20.0685815,-98.005989,-110.6
20.068634,-98.005997,-111.1
20.068699,-98.0060005,-112
20.0687645,-98.006008,-114.1
20.0688315,-98.006008,-113.8
20.068897,-98.005993,-113.1
20.068963,-98.0059585,-109.8
20.069031,-98.0059125,-111.7
20.0690935,-98.0058705,-113.8
20.069155,-98.0058285,-113.3
20.0692195,-98.005787,-114.5
20.069271,-98.005764,-114.1
20.0693225,-98.005749,-113
20.0693595,-98.005722,-112.7
20.069373,-98.005707,-112.3
20.069381,-98.0056955,-110.5
20.0694035,-98.0056765,-108
20.0694435,-98.0056455,-111.2
20.0694915,-98.0056155,-110.2
20.0695485,-98.0055885,-110.4
20.0695935,-98.0055735,-112.6
20.0696395,-98.005562,-111.2
20.0696955,-98.005543,-111.4
20.0697495,-98.0055235,-112.8
20.0697985,-98.0054935,-111.4
20.0698445,-98.0054585,-112.4
20.0698855,-98.0054165,-112
20.0699285,-98.005375,-112.8
20.0699705,-98.0053295,-111.6
20.070016,-98.0052835,-112.4
20.0700635,-98.0052375,-113.7
20.0701105,-98.0051845,-119.5
20.0708675,-98.002815,-102.1
20.070879,-98.002819,-103.5
20.0708845,-98.0028,-102.3
20.0709125,-98.002762,-100.1
20.0709695,-98.002689,-99.2
20.0710295,-98.002609,-93.7
20.071103,-98.002529,-95.8
20.071163,-98.002453,-97.8
20.0712195,-98.0023725,-94.7
20.0712785,-98.0023465,-98
20.071352,-98.0023,-102.4
20.07142,-98.0022925,-101.1
20.071472,-98.002281,-102.2
20.0714865,-98.002281,-103.3
20.0715025,-98.002274,-102.1
20.0715325,-98.002281,-101.6
20.0715665,-98.002289,-97.6
20.0716055,-98.0022925,-91.9
20.0716465,-98.002285,-89
20.0716935,-98.002262,-90
20.071747,-98.002239,-92.1
20.0718025,-98.00222,-92.6
20.071865,-98.0021975,-92.8
20.0719375,-98.0021705,-92.9
20.072013,-98.002148,-98.8
20.0720855,-98.0021285,-99.6
20.072152,-98.0021055,-97.6
20.0722005,-98.00206,-101
20.072219,-98.001999,-106.8
20.0721985,-98.0019415,-108.6
20.0721645,-98.001892,-106.9
20.072132,-98.0018275,-106
20.0720985,-98.0017855,-107.8
20.0720595,-98.0017355,-108.9
20.0720145,-98.001675,-110.2
20.0719685,-98.0016095,-110.8
20.071931,-98.001545,-111.8
20.07191,-98.0014915,-112.6
20.071904,-98.001472,-112.3
20.0719,-98.0014685,-114.9
20.0719005,-98.0014685,-113.5
20.071888,-98.001465,-112.8
20.071887,-98.0014535,-112.5
20.0718995,-98.001446,-111.5
20.0719185,-98.001423,-108.4
20.071924,-98.0013885,-109.2
20.0719185,-98.0013695,-110.1
20.0718985,-98.0013275,-110.8
20.071885,-98.0012935,-112
20.0718565,-98.0012585,-111.8
20.0718185,-98.0012245,-114.9
20.0717765,-98.001194,-117.8
20.0717298,-98.0011919,-119.2
20.0716814,-98.0011945,-122.1
20.0716331,-98.001197,-120.2
20.0715848,-98.0011996,-121.3
20.0715364,-98.0012021,-121.4
20.0714881,-98.0012047,-120.4
20.0714398,-98.0012073,-120.7
20.0713914,-98.0012098,-119.4
20.0713431,-98.0012124,-112.1
20.071354,-98.0012625,-113.7
20.0713205,-98.001278,-113.3
20.0712755,-98.001282,-116.2
20.0712215,-98.00127,-117.8
20.0711735,-98.0012435,-118
20.071125,-98.001213,-117.6
20.0710825,-98.0011825,-117.8
20.0710385,-98.0011635,-115.3
20.0709995,-98.0011445,-115.8
20.0709615,-98.001118,-117.3
20.0709345,-98.0010985,-119.9
20.0709085,-98.0010795,-120.2
20.0708745,-98.001064,-119.8
20.0708325,-98.0010455,-119.2
20.0707795,-98.0010225,-118.9
20.0707325,-98.0009995,-119.2
20.0706855,-98.0009805,-118.5
20.0706455,-98.0009495,-119.1
20.070619,-98.000912,-118.7
20.070594,-98.0008735,-117.9
20.0705605,-98.0008125,-118
20.070554,-98.0007555,-118.1
20.07056,-98.0007055,-117.5
20.070573,-98.0006715,-117.4
20.0705965,-98.0006255,-116.2
20.0706185,-98.0005765,-123.2
20.070636,-98.000534,-123.8
20.0719624,-98.000153,-102.4
20.0719625,-98.000153,-104.2
20.0719625,-98.000153,-110.2
20.0719625,-98.000153,-103.2
20.0719626,-98.000153,-112.8
20.0719627,-98.000153,-103.1
20.0719627,-98.000153,-102.9
20.0719628,-98.000153,-99.6
20.0719628,-98.000153,-107.7
20.0719642,-98.000153,-92
20.0719643,-98.000153,-94.5
20.0719644,-98.000153,-96.4
20.0719645,-98.000153,-95.6
20.0719646,-98.000153,-95.2
20.0719647,-98.000153,-94.1
20.0719648,-98.000153,-97.6
20.0719649,-98.000153,-96.6
20.071965,-98.000153,-100.9
20.071965,-98.000153,-109.6
20.0719651,-98.000153,-110.6
20.0724945,-97.999573,-109
20.0725365,-97.9995195,-108.8
20.072587,-97.999485,-108
20.0726365,-97.999462,-107.1
20.072693,-97.9994315,-106.7
20.0727465,-97.9993935,-105.6
20.0728025,-97.9993515,-104.8
20.07286,-97.999298,-105.1
20.0729065,-97.999237,-100.9
20.0729505,-97.999172,-100
20.0729895,-97.9991035,-98.1
20.0730235,-97.9990465,-97
20.073062,-97.998985,-100.8
20.0731095,-97.998932,-102.1
20.0731655,-97.9988745,-101.5
20.0732165,-97.9988215,-100.2
20.0732505,-97.998787,-100.9
20.0732725,-97.9987565,-105.9
20.0733005,-97.9987225,-105.5
20.0733365,-97.9986835,-104.9
20.073387,-97.9986455,-107.9
20.0734435,-97.9986075,-107.1
20.0735025,-97.9985735,-107.4
20.0735625,-97.998554,-109.2
20.0736155,-97.9985355,-112.3
20.0736645,-97.9984935,-111.4
20.0737145,-97.998436,-111.1
20.0737635,-97.998375,-111.4
20.0738085,-97.9983295,-112.5
20.0738595,-97.998291,-109.5
20.073921,-97.998268,-110.2
20.073987,-97.9982565,-109.2
20.0740545,-97.998245,-110.9
20.0740955,-97.998249,-107.1
20.0741375,-97.998264,-107.9
20.0741785,-97.998291,-109.4
20.0742,-97.998314,-109.4
20.0742235,-97.9983365,-111.4
20.074255,-97.998356,-110.4
20.0742825,-97.9983675,-111.2
20.0743095,-97.9983865,-110.2
20.0743445,-97.998402,-111
20.0743915,-97.998417,-110.9
20.0744435,-97.998432,-109.8
20.074501,-97.998444,-106.9
20.074562,-97.998444,-107.1
20.0746215,-97.99844,-107.7
20.0746675,-97.9984245,-106.5
20.074708,-97.9984095,-104.4
20.0747555,-97.9983825,-105.1
20.0748065,-97.9983595,-105.1
20.0748655,-97.998348,-104.5
20.0749275,-97.998344,-105.2
20.0749715,-97.998348,-104
20.0750035,-97.998352,-102.3
20.0750425,-97.998352,-103.8
20.0750805,-97.998348,-101.7
20.0751225,-97.998333,-101.9
20.0751725,-97.9983255,-104
20.0752195,-97.9983025,-105.1
20.0752555,-97.998287,-103.6
20.0752915,-97.998272,-103.3
20.0753415,-97.9982525,-104.6
20.0753975,-97.998234,-103.6
20.075452,-97.998226,-104.7
20.0754995,-97.998211,-103.4
20.0755455,-97.998196,-103
20.0755775,-97.9981805,-104.2
20.0756055,-97.998173,-105.6
20.075636,-97.9981575,-105.5
20.0756685,-97.99815,-104.8
20.0757095,-97.9981345,-104
20.0757475,-97.998127,-102.9
20.0757895,-97.998123,-103
20.0758295,-97.9981195,-104
20.0758765,-97.998112,-104.5
20.0759325,-97.9980965,-104.4
20.0759895,-97.998081,-105.6
20.0760495,-97.998066,-104.4
20.076107,-97.998054,-105
20.0761595,-97.998047,-104.6
20.076214,-97.998043,-105
20.0762795,-97.9980355,-105
20.076349,-97.998028,-104.8
20.076415,-97.998016,-104.1
20.0764735,-97.998009,-102.7
20.0765255,-97.998001,-102.1
20.0765715,-97.998001,-102.2
20.0766155,-97.997994,-104.6
20.0766595,-97.997982,-103.9
20.0767085,-97.997967,-103.2
20.0767565,-97.997948,-104
20.0767955,-97.99794,-105.2
20.0768395,-97.9979285,-104.5
20.0768745,-97.997921,-103.2
20.0768995,-97.997917,-104.7
20.0769335,-97.997925,-103.8
20.0769845,-97.997925,-104.8
20.0770445,-97.997917,-105
20.0771065,-97.997906,-106.6
20.077157,-97.9978905,-105.8
20.0772025,-97.997875,-108.3
20.0772345,-97.997871,-107.6
20.077262,-97.997871,-106.2
20.0772865,-97.997864,-108.7
20.0773145,-97.997856,-109.2
20.0773525,-97.997852,-106.2
20.077405,-97.997848,-106.2
20.0774565,-97.997837,-103.2
20.077506,-97.997822,-103.2
20.0775545,-97.99781,-104.6
20.0776015,-97.997803,-106.6
20.077653,-97.997803,-105.2
20.0777025,-97.997803,-105.2
20.0777505,-97.997795,-105.4
20.0778045,-97.997788,-106.9
20.0778555,-97.997788,-106.5
20.0779075,-97.997788,-107
20.077958,-97.997788,-106.1
20.0780125,-97.99778,-106
20.0780685,-97.99778,-106.8
20.0781165,-97.997784,-106.3
20.0781635,-97.997788,-105.7
20.0782015,-97.997788,-107.5
20.078229,-97.997788,-108.4
20.0782615,-97.997788,-108
20.0782985,-97.997799,-107.4
20.0783395,-97.997814,-107.5
20.0783875,-97.997826,-106.6
20.0784355,-97.997833,-106
20.0784795,-97.997837,-104.4
20.078513,-97.997856,-101.4
20.0785395,-97.997864,-103.7
20.0785725,-97.997871,-103.7
20.078623,-97.997879,-99.2
20.0786735,-97.997879,-102.2
20.0787205,-97.997883,-101.6
20.0787565,-97.997883,-101.8
20.0787955,-97.997883,-100.6
20.0788375,-97.9978905,-101.4
20.0788795,-97.997906,-101.4
20.0789265,-97.9979285,-102.7
20.0789725,-97.997944,-99.4
20.0790215,-97.997955,-101.4
20.0790675,-97.997963,-102.3
20.0791185,-97.9979745,-102.6
20.0791715,-97.997986,-103.4
20.0792195,-97.997994,-101.6
20.0792665,-97.998001,-104.8
20.079316,-97.998001,-101.6
20.0793675,-97.998001,-100.1
20.079424,-97.9979975,-101.1
20.079489,-97.997994,-97.6
20.079547,-97.9979975,-97.7
20.079606,-97.998005,-99.2
20.079672,-97.998001,-98.7
20.079735,-97.997994,-99
20.079793,-97.997986,-99.6
20.0798465,-97.997986,-100.2
20.079895,-97.997994,-98.8
20.0799455,-97.998001,-96.2
20.0800025,-97.9980125,-101.1
20.080063,-97.99802,-101.4
20.080124,-97.998024,-95.1
20.08018,-97.998024,-100
20.0802365,-97.998028,-101.2
20.0802945,-97.998028,-99.8
20.080352,-97.998024,-97.5
20.080412,-97.99802,-100.3
20.080472,-97.9980125,-93.1
20.0805245,-97.998009,-95.4
20.080575,-97.998005,-91.4
20.0806245,-97.998001,-87.7
20.080681,-97.9979975,-87.6
20.0807345,-97.997994,-91.7
20.0807855,-97.99799,-94.2
20.0808325,-97.9979745,-93.9
20.080884,-97.997963,-93.2
20.0809315,-97.997959,-93.6
20.0809765,-97.997955,-97.1
20.0810165,-97.997955,-90.6
20.08105,-97.997955,-87.6
20.0810785,-97.997948,-88.6
20.081107,-97.997963,-84.1
20.08113,-97.997971,-83.9
20.081151,-97.997971,-84.6
20.0811765,-97.997967,-83.5
20.081217,-97.997959,-86.1
20.0812655,-97.997944,-85.7
20.0813255,-97.997936,-83.2
20.0813925,-97.997925,-80.1
20.081459,-97.9979135,-80.3
20.0815295,-97.997902,-82
20.081606,-97.997887,-87.3
20.081688,-97.997875,-89.7
20.081773,-97.99786,-87.6
20.081859,-97.997856,-90.1
20.0819425,-97.997856,-90.2
20.082015,-97.997864,-87.6
20.0820655,-97.997864,-90.6
20.0820905,-97.997864,-88.6
20.0821075,-97.997864,-90.4
20.0821395,-97.997864,-89.3
20.0821895,-97.9978675,-87.5
20.082248,-97.997883,-91.1
20.0823135,-97.997898,-90.6
20.0823735,-97.99791,-88.5
20.0824365,-97.997921,-86.2
20.0824955,-97.99794,-87.7
20.0825445,-97.997959,-88
20.0825805,-97.997978,-90.3
20.0826075,-97.997982,-86.2
20.0826425,-97.997986,-88
20.082691,-97.997986,-83.5
20.0827445,-97.99799,-84.2
20.082801,-97.9979975,-84.3
20.082857,-97.998001,-84.4
20.0829095,-97.9980125,-85
20.0829615,-97.998028,-84.5
20.0830105,-97.998032,-81.7
20.083068,-97.998039,-85.1
20.0831355,-97.998039,-86.9
20.0832015,-97.998047,-83.8
20.0832655,-97.998047,-85.8
20.0833225,-97.998047,-87.7
20.0833755,-97.998039,-86.7
20.083414,-97.998039,-84.6
20.0834475,-97.998039,-84.2
20.0834885,-97.9980505,-84.4
20.08354,-97.998054,-85.4
20.0835945,-97.998062,-88.2
20.0836565,-97.99807,-86.8
20.083724,-97.998077,-84.9
20.083789,-97.998077,-82
20.083853,-97.998081,-77.9
20.0839155,-97.998085,-76.9
20.0839675,-97.998077,-79.8
20.0840165,-97.998066,-81.6
20.0840655,-97.998058,-77.2
20.0841105,-97.998054,-74.2
20.0841625,-97.998054,-70.8
20.084221,-97.998054,-74.7
20.084284,-97.998054,-73.6
20.0843515,-97.998054,-74.5
20.084423,-97.998047,-80.9
20.084493,-97.998039,-76
20.0845585,-97.9980355,-74.6
20.0846215,-97.998028,-79.5
20.08469,-97.99802,-74.6
20.084751,-97.998016,-73
20.0848065,-97.998009,-72.7
20.0848625,-97.998001,-71.4
20.084918,-97.997994,-71.4
20.0849735,-97.997994,-70.2
20.085046,-97.99799,-73
20.085122,-97.997986,-72
20.085193,-97.997978,-70.4
20.085271,-97.997971,-72.5
20.0853405,-97.997971,-77.6
20.0854005,-97.997967,-77.4
20.085431,-97.9979745,-75.8
20.0854355,-97.997984,-77.4
20.085441,-97.997986,-78.3
20.085456,-97.99799,-73
20.0854845,-97.997994,-75.8
20.0855235,-97.9979975,-80
20.0855655,-97.998005,-78.4
20.0856095,-97.998009,-81.5
20.0856515,-97.998009,-85.4
20.085683,-97.998009,-86.6
20.085719,-97.998009,-85.9
20.0857555,-97.9980125,-79.9
20.0858005,-97.998016,-76.8
20.0858425,-97.998016,-78.2
20.0858825,-97.998016,-77.2
20.0859335,-97.9980125,-75.2
20.0859855,-97.998009,-78.4
20.0860335,-97.998005,-82.1
20.0860745,-97.998005,-81.4
20.086095,-97.998009,-80.8
20.0861015,-97.998024,-84.4
20.08611,-97.9980355,-81.5
20.086118,-97.998039,-84.2
20.086128,-97.998032,-85.6
20.086135,-97.998024,-87.3
20.08613,-97.9980125,-86.8
20.086133,-97.998009,-87
20.086133,-97.998009,-85.9
20.086133,-97.998009,-85.3
20.086139,-97.998005,-86.9
20.086154,-97.998009,-86.5
20.086169,-97.998009,-84.4
20.0861655,-97.998024,-84
20.0861635,-97.998024,-84.3
20.086155,-97.998032,-83.8
20.0861488,-97.998032,-83.9
20.0861478,-97.998032,-83.8
20.086148,-97.9980355,-83.9
20.0861496,-97.998039,-84.6
20.0861504,-97.998039,-85.4
20.0861507,-97.998039,-87.4
20.0861493,-97.998039,-86.8
20.086148,-97.9980545,-86.1
20.086146,-97.9981005,-86.5
20.0861445,-97.9981535,-84
20.086154,-97.998215,-83.6
20.086174,-97.9982715,-83
20.086196,-97.9983215,-89
20.086205,-97.9983865,-90
20.086209,-97.998451,-95.8
20.086212,-97.9985085,-91
20.0862045,-97.998585,-93
20.0861885,-97.998661,-93
20.086174,-97.9987225,-92.9
20.086168,-97.998764,-90
20.08617,-97.9987945,-95.1
20.0861825,-97.9988135,-96.9
20.0862235,-97.998817,-98.4
20.086285,-97.998817,-99.7
20.086353,-97.9988135,-95.8
20.0864165,-97.99881,-92.7
20.086484,-97.99881,-90.7
20.086557,-97.99881,-89.8
20.08663,-97.998817,-94.5
20.086693,-97.998817,-98.2
20.086754,-97.998825,-98
20.086813,-97.998825,-99.4
20.0868615,-97.998825,-98.3
20.0868865,-97.998825,-96.8
20.0869,-97.998825,-97.1
20.086913,-97.998829,-96.3
20.0869265,-97.998848,-96.8
20.086933,-97.9988745,-95.3
20.086935,-97.9989015,-95.8
20.086942,-97.9989355,-96.6
20.086953,-97.99897,-93.2
20.0869655,-97.9990045,-92.3
20.086981,-97.9990385,-91.1
20.086998,-97.9990695,-88.7
20.087016,-97.9990995,-91
20.087036,-97.9991225,-91.5
20.087062,-97.9991535,-90.4
20.0870905,-97.9991835,-91
20.087117,-97.999214,-92.2
20.087144,-97.999241,-93.5
20.0871725,-97.9992675,-93.8
20.087203,-97.999302,-93.1
20.0872285,-97.9993285,-94
20.0872555,-97.9993555,-93
20.087286,-97.999382,-94
20.0873155,-97.9994085,-94.6
20.0873445,-97.9994355,-94.6
20.087372,-97.9994545,-95.5
20.087392,-97.99947,-98.4
20.08741,-97.9994775,-99
20.087428,-97.999481,-98.6
20.087447,-97.999485,-97.9
20.087468,-97.999489,-100.5
20.087488,-97.999489,-100.3
20.087513,-97.9994925,-98.8
20.087537,-97.999489,-98.3
20.0875665,-97.999485,-100.8
20.0875995,-97.999481,-101.7
20.0876355,-97.999474,-101.5
20.0876735,-97.999481,-99.5
20.0877135,-97.999481,-102.8
20.0877495,-97.999481,-100.7
20.0877865,-97.999481,-100.2
20.0878295,-97.999481,-101.2
20.0878785,-97.999489,-101
20.087925,-97.9995,-102
20.0879715,-97.9995155,-103.5
20.0880165,-97.999531,-104.7
20.0880635,-97.999546,-104
20.08811,-97.9995615,-103.2
20.0881455,-97.9995765,-103.4
20.0881895,-97.999592,-104.4
20.0882295,-97.999607,-105.2
20.0882705,-97.9996145,-102.6
20.0883215,-97.9996145,-101.5
20.0883715,-97.999611,-100.2
20.0884155,-97.999607,-100
20.0884505,-97.999618,-100.4
20.0884905,-97.999618,-100.6
20.0885295,-97.999611,-99.2
20.0885675,-97.999611,-97.4
20.088605,-97.999603,-96.4
20.0886405,-97.999592,-97.1
20.0886755,-97.999569,-96.5
20.088706,-97.9995425,-97.5
20.0887355,-97.9995115,-98.8
20.0887635,-97.9994695,-99.4
20.088791,-97.999439,-103.4
20.0888145,-97.9994125,-101.9
20.0888425,-97.999386,-101.2
20.0888725,-97.999363,-95.6
20.0889035,-97.999348,-98.9
20.088936,-97.999325,-101
20.0889705,-97.9993055,-95.7
20.0890055,-97.99929,-97.9
20.089038,-97.9992715,-99.2
20.0890675,-97.999256,-99.7
20.089097,-97.999233,-101.6
20.0891255,-97.999218,-98.4
20.0891555,-97.999195,-98.8
20.0891835,-97.99918,-102.5
20.0892155,-97.999157,-100.8
20.0892495,-97.9991305,-95.2
20.0892815,-97.9991035,-94.7
20.0893125,-97.9990765,-92.2
20.0893345,-97.999054,-95.5
20.0893645,-97.999035,-95.6
20.0893965,-97.999031,-99.4
20.08943,-97.999023,-94.6
20.0894555,-97.999012,-100
20.0894855,-97.999004,-96.6
20.0895195,-97.9989815,-98.5
20.089553,-97.998966,-99.8
20.0895865,-97.998951,-102.3
20.0896205,-97.998928,-102.2
20.0896585,-97.998913,-102.1
20.0896995,-97.9988975,-102.4
20.0897415,-97.99889,-101.6
20.0897805,-97.9988745,-103.2
20.0898205,-97.9988595,-103
20.0898645,-97.998844,-105.1
20.0899055,-97.99884,-106.8
20.0899435,-97.998833,-105.9
20.0899765,-97.998821,-105.6
20.0900105,-97.99881,-98.9
20.0900465,-97.9987985,-101.2
20.0900875,-97.998795,-102.3
20.0901205,-97.998783,-104.1
20.0901505,-97.998768,-107
20.0901825,-97.99876,-106.8
20.0902165,-97.998749,-106
20.090252,-97.998741,-104.6
20.0902865,-97.9987375,-105.9
20.0903225,-97.998726,-106.2
20.0903615,-97.998726,-105.7
20.0904025,-97.998722,-105.7
20.0904485,-97.9987145,-107.1
20.090479,-97.998711,-105.9
20.0905035,-97.998703,-107.2
20.0905265,-97.998703,-106.2
20.090544,-97.9986915,-105.2
20.0905495,-97.998688,-106.8
20.0905855,-97.998688,-106.8
20.0906155,-97.998676,-106.2
20.090643,-97.998661,-105.4
20.0906795,-97.998646,-103.4
20.0907215,-97.998638,-103
20.0907635,-97.998627,-102.3
20.090806,-97.9986155,-103.8
20.0908505,-97.9986,-102.5
20.0908965,-97.9985925,-103
20.0909445,-97.998577,-102.2
20.0909855,-97.998562,-103
20.0910215,-97.9985425,-104.5
20.0910665,-97.998524,-104
20.0911165,-97.998501,-104.1
20.091156,-97.9984855,-104.8
20.0911895,-97.99847,-104.5
20.0912265,-97.9984515,-105.3
20.0912645,-97.99844,-103.6
20.0913115,-97.9984245,-104.4
20.0913595,-97.9984055,-103.6
20.0914055,-97.998379,-104.8
20.091445,-97.998356,-104
20.0914775,-97.9983365,-104.6
20.0915105,-97.9982945,-104.6
20.0915425,-97.9982525,-107.2
20.0915745,-97.998211,-106.2
20.0916035,-97.9981765,-106
20.091628,-97.9981535,-105.6
20.091655,-97.9981305,-101
20.0916805,-97.998108,-101.8
20.0917105,-97.998085,-108.6
20.0917485,-97.9980465,-111
20.091774,-97.9980315,-108.3
20.0917995,-97.9980085,-104.8
20.0918285,-97.997986,-107.5
20.091858,-97.997967,-108.9
20.0918885,-97.99794,-109
20.091919,-97.9979175,-111
20.0919525,-97.9978825,-109.4
20.0919885,-97.9978445,-110.4
20.092021,-97.9978105,-108.8
20.0920525,-97.9977765,-109.4
20.0920855,-97.9977415,-106.4
20.0921145,-97.997715,-106.1
20.092126,-97.997696,-112
20.092136,-97.997673,-108.4
20.092142,-97.997635,-106.6
20.09214,-97.99765,-105.5
20.092142,-97.9975815,-106.4
20.0921325,-97.9975585,-107
20.092119,-97.997528,-106.9
20.092104,-97.9974975,-107.2
20.092084,-97.9974635,-107.1
20.092068,-97.9974285,-107.7
20.0920495,-97.9973985,-109.2
20.0920335,-97.997368,-108.5
20.092017,-97.9973375,-110.9
20.092002,-97.9973065,-110.1
20.091993,-97.9972765,-114.6
20.09198,-97.9972455,-113.3
20.091962,-97.9972155,-111.3
20.091942,-97.9971845,-113.4
20.09192,-97.9971505,-113.7
20.091894,-97.997116,-115.3
20.091874,-97.997078,-115.8
20.091856,-97.997055,-115.2
20.091835,-97.9970245,-115.5
20.091813,-97.996994,-114.6
20.091796,-97.9969635,-116.8
20.091779,-97.9969255,-116.4
20.0917615,-97.9968945,-117.5
20.0917405,-97.9968565,-116.6
20.0917225,-97.996826,-116.4
20.0917055,-97.9967955,-116.9
20.091687,-97.9967655,-117.1
20.0916635,-97.9967385,-118.2
20.0916345,-97.9967155,-118.7
20.091614,-97.9967,-115.1
20.091605,-97.9966925,-119.8
20.0916,-97.996708,-131.2
20.0922401,-97.995781,-102.7
20.0922405,-97.995781,-103
20.0922409,-97.995781,-105.2
20.092246,-97.9957695,-102.1
20.092245,-97.995762,-104.8
20.092246,-97.995739,-108.8
20.0922485,-97.9957298,-111.6
20.092244,-97.995735,-111.9
20.0922385,-97.995735,-113.2
20.0922403,-97.995735,-114.2
20.092247,-97.995724,-113.6
20.092268,-97.9957045,-113.8
20.0922955,-97.995678,-112.6
20.0923255,-97.9956475,-114.9
20.092355,-97.995598,-114.1
20.092375,-97.9955365,-104.7
20.092388,-97.995518,-102.8
20.0924085,-97.9954875,-104.5
20.0924375,-97.9954335,-105.3
20.0924685,-97.9953845,-106.4
20.0925015,-97.995323,-100.1
20.0925335,-97.995262,-105.7
20.0925635,-97.995201,-100.2
20.092595,-97.9951435,-100.6
20.0926275,-97.9950945,-106.8
20.0926625,-97.995041,-105.5
20.0927005,-97.9949685,-103.5
20.09274,-97.994896,-106.8
20.0927895,-97.994835,-114.6
20.0928315,-97.994774,-109.1
20.092852,-97.994724,-115.2
20.092857,-97.9946975,-116
20.092862,-97.9946745,-116.2
20.0928745,-97.9946405,-116
20.0928955,-97.994583,-116.3
20.0929225,-97.9945185,-116.2
20.0929555,-97.994457,-118.9
20.092987,-97.9943965,-115.9
20.0930145,-97.9943315,-115.1
20.0930445,-97.9942705,-113
20.0930745,-97.9942015,-113.4
20.0931075,-97.994133,-119.6
20.0931395,-97.994072,-121.3
20.093175,-97.9940035,-123.3
20.0932125,-97.993923,-121.6
20.09324,-97.9938625,-120.8
20.093253,-97.9938315,-114.6
20.093257,-97.993824,-116.4
20.0932695,-97.993805,-113.5
20.0932875,-97.9937665,-115.7
20.0933085,-97.9937245,-115.9
20.0933275,-97.9936865,-116.6
20.0933297,-97.99369,-116.1
20.0933283,-97.99369,-115.6
20.0933288,-97.99369,-115.6
20.0933298,-97.99369,-115.7
20.093329,-97.993683,-115.6
20.0933282,-97.9936823,-115.5
20.0933284,-97.9936813,-115.6
20.0933287,-97.9936803,-115.6
20.0933289,-97.9936793,-115.8
20.0933292,-97.9936783,-115.5
20.0933294,-97.9936773,-115.6
20.0933297,-97.9936763,-115.9
20.0933299,-97.9936753,-117.2
20.093339,-97.99366,-117.3
20.093357,-97.9936255,-118.4
20.09338,-97.993576,-116.2
20.0934055,-97.993515,-116
20.0934295,-97.9934575,-118.5
20.0943755,-97.9914855,-114.7
20.0944375,-97.9913825,-111.8
20.0944885,-97.9913025,-106.5
20.0945295,-97.9912375,-112.5
20.0945595,-97.991173,-116.3
20.096401,-97.987774,-109.4
20.096402,-97.987793,-106.8
20.096406,-97.987797,-109.1
20.096408,-97.987793,-110.2
20.096405,-97.987789,-106.8
20.096406,-97.987787,-109.6
20.096402,-97.987793,-106.8
20.0963995,-97.987795,-107.2
20.0964015,-97.987801,-107.4
20.0964027,-97.987801,-105.2
20.0964013,-97.987801,-107.2
20.096398,-97.987801,-112.2
20.0963966,-97.987801,-106.2
20.0963989,-97.987801,-114.8
20.0964013,-97.987801,-113.2
20.096406,-97.987793,-111.9
20.0965195,-97.988186,-112.8
20.096546,-97.988209,-112.5
20.0965625,-97.988224,-111.2
20.0965835,-97.9882435,-115.2
20.09661,-97.9882735,-114.4
20.096636,-97.9883,-111.5
20.0966605,-97.988327,-113.4
20.0966845,-97.988354,-115.9
20.0967635,-97.9884185,-109.3
20.0967895,-97.9884455,-107.4
20.096814,-97.988472,-106.5
20.096836,-97.9884985,-106.4
20.096855,-97.9885255,-107
20.0968695,-97.988556,-108
20.096877,-97.98859,-109.2
20.096882,-97.988617,-107.2
20.0968925,-97.988636,-108.7
20.096903,-97.988644,-105.4
20.0969125,-97.988659,-107.8
20.096922,-97.988682,-105.3
20.0969315,-97.988697,-105.2
20.0969475,-97.988708,-105
20.096964,-97.988708,-108.2
20.09698,-97.9887045,-107.5
20.097002,-97.9886895,-103.1
20.0970255,-97.988674,-104.4
20.0970525,-97.9886515,-103.9
20.0970755,-97.9886285,-107.5
20.0970975,-97.988613,-105
20.097121,-97.988598,-104.8
20.0971425,-97.9885825,-105.7
20.097163,-97.9885635,-107.7
20.097185,-97.9885445,-105.1
20.097202,-97.988525,-106
20.097213,-97.9885215,-105.4
20.0972225,-97.988525,-108
20.097231,-97.988525,-105.4
20.0972375,-97.988529,-105.9
20.0972405,-97.988533,-106.7
20.09724,-97.988529,-105.9
20.0972395,-97.988525,-114.1
20.0972385,-97.988525,-115.8
20.0972375,-97.988525,-117.3
20.0972375,-97.988525,-119.6
20.097237,-97.9885215,-116.6
20.097237,-97.9885233,-118.2
20.0972373,-97.9885242,-118.7
20.0972378,-97.9885231,-121
20.0972383,-97.988522,-120.6
20.0972387,-97.988521,-119.1
20.0972392,-97.9885199,-117.1
20.0972397,-97.9885188,-115.2
20.097241,-97.988518,-115.6
20.097251,-97.988518,-116.3
20.0972595,-97.988525,-120.1
20.0972605,-97.988537,-123
20.0972625,-97.988541,-123.2
20.0972615,-97.988541,-123.2
20.097259,-97.988541,-123.5
20.0972565,-97.988541,-124.4
20.0972559,-97.988533,-124.3
20.0972555,-97.988533,-123.9
20.0972551,-97.988533,-122.9
20.0972547,-97.988533,-124.1
20.0972543,-97.988533,-124.1
20.097251,-97.988533,-125
20.0972395,-97.9885215,-124.1
20.097226,-97.988518,-123.9
20.0972226,-97.988518,-124.2
20.0972211,-97.988518,-124.3
20.097219,-97.988518,-125.3
20.097221,-97.9885215,-125.7
20.097221,-97.9885198,-124.6
20.0972199,-97.988518,-124.3
20.0972194,-97.988518,-124.7
20.0972189,-97.988518,-125.4
20.0972184,-97.988518,-125.8
20.097215,-97.988518,-124.7
20.097202,-97.988529,-125.3
20.097187,-97.9885445,-125.4
20.097166,-97.98856,-125.7
20.0971435,-97.988575,-126.2
20.0971185,-97.98859,-125.2
20.097101,-97.9886055,-124.8
20.097085,-97.988621,-123.6
20.097067,-97.988636,-124.6
20.0970515,-97.9886515,-126.1
20.097036,-97.988663,-126.2
20.097023,-97.988674,-125.8
20.097008,-97.9886895,-125.8
20.0969895,-97.988693,-126
20.096966,-97.9886895,-125.7
20.0969455,-97.9886705,-124.2
20.096927,-97.9886475,-123.3
20.096904,-97.988621,-123.5
20.096878,-97.988594,-123.4
20.0968475,-97.9885715,-121.9
20.0968153,-97.988554,-120.8
20.0967835,-97.988533,-118.8
20.096755,-97.9884755,-117.1
20.096733,-97.988434,-116.6
20.09671,-97.9884035,-116.8
20.0966805,-97.9883655,-115.6
20.0966435,-97.9883305,-116.8
20.0966025,-97.9882925,-117.4
20.0965575,-97.988247,-116.9
20.0965125,-97.9881975,-118.6
20.0964675,-97.9881365,-119.1
20.0964235,-97.9880865,-119
20.0963825,-97.988037,-118.4
20.0963425,-97.9879875,-120.1
20.096307,-97.9879535,-120.1
20.09628,-97.987934,-120.8
20.096256,-97.987923,-121.6
20.0962375,-97.9879265,-122.5
20.0962095,-97.987961,-122.2
20.096176,-97.9880145,-123.2
20.0961455,-97.9880715,-121.4
20.0961125,-97.9881245,-121.5
20.0960695,-97.9881745,-120.6
20.096015,-97.9882355,-121.8
20.095955,-97.988312,-120.3
20.0959005,-97.988388,-119.6
20.0958515,-97.988449,-120.1
20.09581,-97.988525,-119.1
20.095767,-97.988617,-119.2
20.095706,-97.9887235,-119.4
20.0956515,-97.9888,-120.1
20.0955955,-97.9888765,-119.8
20.0955525,-97.988945,-120.9
20.095497,-97.989029,-121.6
20.0954495,-97.989101,-123.3
20.0954015,-97.989189,-124.8
20.0953615,-97.989269,-125.4
20.0953305,-97.989353,-127.7
20.0953,-97.989437,-130.9
20.0952695,-97.989529,-131.9
20.095213,-97.989613,-128.4
20.0951555,-97.9896965,-126.2
20.0951125,-97.989788,-126.8
20.095069,-97.989887,-125.7
20.095063,-97.9899635,-130.6
20.095092,-97.989994,-128.8
20.095063,-97.990002,-131.3
20.095074,-97.990017,-127.8
20.09506,-97.990036,-126.4
20.095065,-97.9900585,-127.9
20.095064,-97.9901005,-127.6
20.0950515,-97.990158,-125.6
20.09503,-97.990227,-125.2
20.0950015,-97.9902875,-124.1
20.0949695,-97.9903565,-122.2
20.094946,-97.9904135,-122.9
20.0949215,-97.990467,-122.2
20.0948885,-97.9905245,-120
20.0948505,-97.9905855,-119
20.0948115,-97.99065,-119.1
20.094778,-97.990719,-117.3
20.0947445,-97.9907875,-117.8
20.0947115,-97.9908525,-117.1
20.0946805,-97.9909135,-116.6
20.0946495,-97.9909745,-118.1
20.094618,-97.9910355,-117.8
20.0945875,-97.991104,-117.9
20.0945565,-97.991177,-117.4
20.0945245,-97.991245,-117.6
20.0944885,-97.9913215,-117.2
20.09445,-97.991394,-116.2
20.0944065,-97.9914665,-116
20.0943635,-97.991539,-116.4
20.0943215,-97.9916115,-116.3
20.0942825,-97.99168,-116.1
20.094244,-97.9917525,-117.9
20.0942025,-97.991825,-117.4
20.0941565,-97.991901,-117
20.0941135,-97.991974,-118.4
20.0940715,-97.992046,-119
20.0940315,-97.992111,-119.8
20.0939925,-97.99218,-120.2
20.0939525,-97.992245,-119.3
20.0939045,-97.992317,-119.8
20.0938625,-97.9923785,-121
20.09383,-97.9924355,-123
20.0938045,-97.9924735,-123.9
20.0937755,-97.9925115,-124.6
20.093748,-97.9925615,-124.2
20.093727,-97.992615,-123.8
20.093705,-97.992668,-123.1
20.093686,-97.992737,-121.9
20.093667,-97.9928055,-121.1
20.093646,-97.9928665,-121.6
20.093631,-97.9929275,-120
20.093625,-97.9929735,-119
20.093624,-97.9929965,-117
20.093625,-97.9930155,-116
20.0936125,-97.9930535,-116.1
20.0935785,-97.993103,-117.3
20.0935475,-97.993164,-120.1
20.0935095,-97.993225,-120.7
20.093484,-97.9932975,-116.6
20.093461,-97.993374,-112.1
20.0934365,-97.9934465,-113.8
20.0934085,-97.993515,-112.4
20.093379,-97.9935725,-113.2
20.0933465,-97.993637,-113
20.09332,-97.9936905,-110.4
20.0932925,-97.9937515,-112.7
20.0932655,-97.9938015,-114.3
20.0932435,-97.9938355,-115.7
20.093229,-97.993862,-115
20.093224,-97.9938815,-116
20.093216,-97.9939,-116.9
20.093211,-97.9939155,-115.9
20.09321,-97.993925,-115.8
20.0932055,-97.9939368,-117.7
20.0932035,-97.993946,-118
20.093197,-97.9939655,-116.1
20.0931835,-97.9939955,-118.3
20.093169,-97.9940265,-118.4
20.093151,-97.9940645,-117.6
20.0931235,-97.9941065,-115.4
20.093096,-97.9941595,-111.6
20.093071,-97.9942055,-110.1
20.0930445,-97.9942515,-109.8
20.093028,-97.994297,-110.3
20.0930165,-97.9943425,-111.4
20.0929935,-97.9943845,-112.8
20.092972,-97.9944345,-112.2
20.092948,-97.994484,-111.6
20.0929215,-97.9945375,-111.2
20.0928935,-97.9945945,-113.8
20.0928705,-97.9946405,-116.4
20.0928535,-97.9946865,-117.4
20.0928365,-97.9947205,-117.6
20.0928175,-97.9947435,-116.2
20.0927915,-97.9947775,-114.3
20.092765,-97.9948235,-113.5
20.0927375,-97.994873,-113.8
20.0927065,-97.994934,-113.5
20.0926705,-97.994995,-112.3
20.0926305,-97.9950635,-111.9
20.0925845,-97.99514,-114
20.092534,-97.99522,-114.6
20.0924875,-97.995289,-114.3
20.0924405,-97.995365,-113.3
20.0923985,-97.995441,-114.8
20.0923625,-97.9955025,-113.3
20.092345,-97.995533,-110
20.092333,-97.995556,-111
20.092314,-97.9955865,-112.1
20.092287,-97.9956435,-111
20.0922515,-97.9957045,-112.4
20.092206,-97.9957655,-112.4
20.0921675,-97.995827,-112.4
20.0921345,-97.9958875,-113.6
20.0920985,-97.995949,-112
20.0920565,-97.99601,-111.5
20.0920155,-97.996075,-112.6
20.0919685,-97.9961395,-112.7
20.0919205,-97.9961965,-112.7
20.091877,-97.9962505,-111.4
20.0918345,-97.996292,-112.5
20.0917975,-97.9963265,-113.6
20.09177,-97.9963605,-117
20.0917415,-97.996399,-116.8
20.0917035,-97.9964405,-112.9
20.0916575,-97.9964865,-112.2
20.0916125,-97.9965405,-113.7
20.0915685,-97.9965855,-113.2
20.0915345,-97.9966355,-116.2
20.0915115,-97.9966735,-116.1
20.0914945,-97.996704,-114
20.0914715,-97.9967465,-112.9
20.091442,-97.996788,-116.1
20.0914065,-97.9968415,-113.6
20.0913725,-97.9968985,-113.1
20.0913395,-97.996956,-111.7
20.0913075,-97.9970055,-111.8
20.091278,-97.9970475,-111.3
20.0912505,-97.9970855,-112.4
20.0912205,-97.9971235,-110.2
20.0911895,-97.9971465,-112
20.091158,-97.997166,-111.8
20.0911305,-97.9971885,-111.3
20.0911025,-97.9972225,-110.8
20.0910625,-97.9972645,-111
20.0910185,-97.9973065,-111.5
20.0909795,-97.9973375,-108.2
20.0909465,-97.997368,-109.4
20.090926,-97.997387,-110
20.0909035,-97.997402,-107.4
20.0908735,-97.9974215,-108.5
20.0908395,-97.9974515,-106.1
20.0907945,-97.9974825,-107.6
20.0907385,-97.9975165,-109.8
20.0906755,-97.9975665,-110.8
20.0906165,-97.9976155,-106.5
20.09056,-97.9976575,-105.2
20.0905055,-97.9976885,-104.8
20.0904435,-97.9977225,-104.2
20.090374,-97.9977685,-104.8
20.090305,-97.9978065,-106.6
20.0902385,-97.9978525,-108.1
20.0901805,-97.9978865,-107.1
20.0901415,-97.997906,-109.7
20.0901165,-97.997921,-106.4
20.0900945,-97.997932,-103.8
20.0900605,-97.997944,-101.8
20.0900145,-97.9979515,-100.7
20.089956,-97.997963,-103
20.0898925,-97.997971,-104.2
20.089837,-97.997967,-106
20.089778,-97.997963,-104.3
20.089715,-97.997967,-97.9
20.089648,-97.9979745,-99.5
20.089578,-97.997982,-98.3
20.089511,-97.997994,-98
20.089446,-97.997994,-99.5
20.089386,-97.997994,-98.2
20.089323,-97.9979975,-100.8
20.089261,-97.997994,-96
20.08922,-97.997994,-93.4
20.089204,-97.997994,-98.1
20.0891875,-97.9979975,-94.2
20.0891555,-97.998001,-91.6
20.0891105,-97.9979975,-94.2
20.0890605,-97.997994,-92
20.0890045,-97.997994,-97.3
20.0889405,-97.997994,-96.1
20.088875,-97.997994,-93.1
20.088807,-97.997994,-92.9
20.088734,-97.997994,-95
20.088657,-97.997994,-93.6
20.088585,-97.99799,-91.4
20.088505,-97.99799,-88.5
20.088425,-97.997994,-85.4
20.088353,-97.997994,-89
20.0882865,-97.99799,-90.9
20.0882465,-97.997986,-84.8
20.088226,-97.997986,-86.6
20.088211,-97.997994,-86.2
20.0881845,-97.99799,-82.8
20.0881385,-97.997986,-78.5
20.088083,-97.997986,-77.8
20.088023,-97.997982,-80.2
20.087957,-97.997978,-77.9
20.087889,-97.9979745,-78.8
20.087821,-97.9979745,-77
20.08776,-97.997978,-79.3
20.0877025,-97.997978,-79.1
20.087616,-97.997978,-81.8
20.087654,-97.997978,-80.4
20.0874835,-97.997982,-83.9
20.0874365,-97.997994,-87.4
20.087373,-97.998001,-85.7
20.087294,-97.998001,-82.4
20.0872275,-97.998001,-83.3
20.0871855,-97.99799,-82.6
20.087158,-97.9979705,-87.3
20.087142,-97.9979365,-91.9
20.087134,-97.9978865,-90.6
20.08713,-97.9978255,-90.5
20.087119,-97.9977645,-89.1
20.087098,-97.9977035,-88.5
20.0870645,-97.9976535,-87.3
20.0870245,-97.9976005,-87.6
20.0869895,-97.997551,-90.5
20.08696,-97.9974975,-89.2
20.0869245,-97.9974515,-84.6
20.086873,-97.9974135,-82.9
20.086803,-97.997387,-87.9
20.086733,-97.997364,-86.9
20.086658,-97.997341,-92.7
20.086585,-97.997326,-90.4
20.0865275,-97.997303,-85.7
20.086484,-97.9972685,-78.2
20.086443,-97.997238,-73.3
20.0864125,-97.997219,-73
20.08636,-97.9971925,-77.8
20.0863035,-97.9971695,-77.5
20.0862555,-97.997143,-73.8
20.0862045,-97.997116,-78.1
20.086154,-97.997097,-71.1
20.0861145,-97.997074,-68.3
20.086094,-97.9970665,-69
20.0860805,-97.997059,-69.4
20.0860655,-97.997055,-69.8
20.086052,-97.997051,-70.4
20.0860385,-97.9970435,-71.8
20.0860235,-97.997036,-72
20.0860015,-97.997032,-71.5
20.0859795,-97.997032,-71.1
20.085951,-97.997028,-73.5
20.085923,-97.997017,-75.6
20.0858925,-97.997009,-78
20.0858625,-97.9970015,-79.4
20.0858355,-97.9969825,-79.2
20.085807,-97.9969675,-74.6
20.0857765,-97.996952,-74.6
20.0857435,-97.996937,-81.3
20.0857095,-97.9969215,-78.1
20.0856725,-97.996914,-84
20.085637,-97.9968985,-82
20.0856065,-97.9968835,-82.9
20.0855815,-97.996868,-82.6
20.085555,-97.996853,-79.9
20.0855295,-97.996845,-78.9
20.0855035,-97.99683,-80.2
20.085476,-97.996826,-81.5
20.08546,-97.996818,-80.5
20.085448,-97.996818,-82.3
20.0854415,-97.996818,-83.2
20.0854395,-97.996818,-82.8
20.085437,-97.996818,-81.6
20.0854359,-97.996818,-82.9
20.0854358,-97.996818,-82.8
20.0854357,-97.996818,-82.3
20.0854356,-97.996818,-82.4
20.0854355,-97.996818,-72.6
20.0854354,-97.996818,-69.4
20.0854353,-97.996818,-69.4
20.0854352,-97.996818,-69.1
20.0854351,-97.996818,-68.6
20.0854349,-97.996818,-69.2
20.0854348,-97.996818,-68.9
20.0854347,-97.996818,-69.2
20.0854346,-97.996818,-69.2
20.0854345,-97.996818,-69.2
20.0854344,-97.996818,-69.4
20.0854343,-97.996818,-69.5
20.0854342,-97.996818,-70
20.0854341,-97.996818,-70.6
20.085434,-97.996818,-73.3
20.0854338,-97.996818,-73.4
20.0854337,-97.996818,-73.6
20.0854335,-97.996818,-75.6
20.0854334,-97.996818,-77.4
20.0854332,-97.996818,-74.3
20.0854331,-97.996818,-73.2
20.0854329,-97.996818,-77.9
20.0854328,-97.996818,-82.2
20.0854326,-97.996818,-79.4
20.0854325,-97.996818,-78.8
20.0854323,-97.996818,-79.6
20.0854322,-97.996818,-78.2
20.085432,-97.996818,-77.5
20.0854318,-97.996818,-77.5
20.0854317,-97.996818,-77.2
20.0854315,-97.996818,-77
20.0854314,-97.996818,-76.1
20.0854312,-97.996818,-77.5
20.0854311,-97.996818,-77.4
20.0854309,-97.996818,-77
20.0854308,-97.996818,-77.8
20.0854306,-97.996818,-76.7
20.0854305,-97.996818,-77.3
20.0854303,-97.996818,-76.2
20.0854302,-97.996818,-73.4
20.08543,-97.996818,-75.4
20.085427,-97.996822,-77.9
20.0854235,-97.996826,-78.9
20.0854215,-97.996826,-80
20.085418,-97.996826,-77.7
20.085418,-97.996826,-78.4
20.085418,-97.996826,-79
20.085419,-97.9968252,-78.1
20.085419,-97.996822,-78
20.085419,-97.9968188,-76.9
20.085419,-97.9968184,-77.7
20.085419,-97.9968189,-79.2
20.085419,-97.9968195,-77.8
20.085419,-97.99682,-78
20.085419,-97.9968205,-76.7
20.085419,-97.9968211,-73.7
20.085419,-97.9968216,-72.7
20.085419,-97.9968221,-72.8
20.085419,-97.9968227,-72.7
20.085419,-97.9968232,-73
20.085419,-97.9968237,-73.4
20.085419,-97.9968243,-71.5
20.085419,-97.9968248,-71.6
20.085419,-97.9968253,-72.7
20.085419,-97.9968259,-71.8
20.0854196,-97.9968243,-72.6
20.0854205,-97.996822,-75.9
20.0854214,-97.9968197,-79
20.085424,-97.996818,-80.4
20.085431,-97.996822,-80.2
20.0854385,-97.996826,-78.7
20.08544,-97.996828,-78.2
20.085441,-97.996834,-77.6
20.085443,-97.996826,-77.4
20.0854445,-97.996826,-77.5
20.085448,-97.996822,-77.3
20.0854555,-97.996818,-76.8
20.085457,-97.9968145,-76.6
20.0854578,-97.996811,-77
20.0854588,-97.996811,-77.1
20.0854583,-97.996811,-77
20.0854573,-97.996811,-77.3
20.085457,-97.9968131,-76.2
20.085457,-97.9968159,-76
20.0854569,-97.996818,-75.6
20.0854564,-97.996818,-75.6
20.085456,-97.996818,-76
20.0854556,-97.996818,-76
20.0854551,-97.996818,-76.8
20.085454,-97.996818,-76.4
20.085453,-97.996818,-76.4
20.0854529,-97.996818,-76
20.0854529,-97.996818,-77.3
20.0854528,-97.996818,-82.9
20.0854528,-97.996818,-81.1
20.0854527,-97.996818,-85.4
20.0854527,-97.996818,-79.2
20.0854526,-97.996818,-85.6
20.0854526,-97.996818,-79.2
20.0854525,-97.996818,-77.3
20.0854525,-97.996818,-77.6
20.0854524,-97.996818,-77.3
20.0854524,-97.996818,-79.2
20.0854523,-97.996818,-78.9
20.0854523,-97.996818,-82.4
20.0854522,-97.996818,-80.9
20.0854522,-97.996818,-80.9
20.0854521,-97.996818,-81.6
20.0854521,-97.996818,-81.8
20.085452,-97.996818,-81.7
20.0854519,-97.996818,-81.6
20.0854519,-97.996818,-82
20.0854518,-97.996818,-82.5
20.0854518,-97.996818,-84.9
20.0854517,-97.996818,-92.3
20.0854517,-97.996818,-89.1
20.0854516,-97.996818,-88.1
20.0854516,-97.996818,-84.2
20.0854515,-97.996818,-81.5
20.0854515,-97.996818,-82.2
20.0854514,-97.996818,-76.4
20.0854514,-97.996818,-80.6
20.0854513,-97.996818,-84.5
20.0854513,-97.996818,-84.3
20.0854512,-97.996818,-81.8
20.0854512,-97.996818,-80.5
20.0854511,-97.996818,-75.4
20.0854511,-97.996818,-78.4
20.085451,-97.996818,-74.2
20.0854255,-97.996822,-74.5
20.0853835,-97.996826,-77.1
20.0853425,-97.996834,-78
20.085314,-97.996834,-74.3
20.0852875,-97.996841,-77.6
20.0852615,-97.996841,-77.2
20.08525,-97.996841,-79.4
20.0852465,-97.996841,-76.4
20.085244,-97.9968375,-79
20.085242,-97.996834,-79
20.0852415,-97.996834,-75.6
20.0852413,-97.9968358,-77.7
20.08523,-97.996841,-77.2
20.085206,-97.9968375,-74.1
20.085183,-97.99683,-69.8
20.085162,-97.996826,-71.3
20.085144,-97.996834,-69.5
20.085126,-97.996834,-66.5
20.08511,-97.9968375,-68.4
20.0850905,-97.996841,-69.7
20.085066,-97.996849,-66.2
20.0850485,-97.996841,-63.5
20.085035,-97.996841,-62.1
20.085036,-97.996841,-65.1
20.0850389,-97.996841,-64.4
20.0850385,-97.996841,-63.6
20.0850381,-97.996841,-63.9
20.0850377,-97.996841,-65.2
20.0850373,-97.996841,-67.5
20.085037,-97.996841,-67.8
20.085037,-97.996841,-67.1
20.084892,-97.99688,-73.9
20.084892,-97.9968794,-73.6
20.084892,-97.9968785,-74.4
20.084892,-97.9968776,-75.2
20.084892,-97.9968768,-74.6
20.084892,-97.9968759,-74
20.084892,-97.996875,-75.5
20.084892,-97.9968742,-76.2
20.084892,-97.9968733,-74.7
20.084892,-97.9968724,-77
20.084892,-97.9968716,-77
20.084892,-97.9968707,-76.9
20.084892,-97.9968698,-77.2
20.084892,-97.996869,-77.4
20.084892,-97.9968681,-77.4
20.084892,-97.9968672,-77.7
20.084892,-97.9968664,-76.7
20.084892,-97.9968655,-77.4
20.084892,-97.9968646,-77.4
20.0848855,-97.9968605,-74.6
20.084856,-97.996857,-73.8
20.084842,-97.996857,-74.9
20.0848415,-97.996864,-74.8
20.084844,-97.996864,-74
20.084845,-97.99687,-75.7
20.0848435,-97.996872,-74.7
20.0848427,-97.996872,-75.6
20.0848423,-97.996872,-74.8
20.0848419,-97.996872,-74.5
20.0848415,-97.996872,-75.2
20.0848411,-97.996872,-76.4
20.0848455,-97.996876,-75.7
20.084846,-97.9968853,-75.9
20.0848453,-97.996893,-73.4
20.0848275,-97.996895,-70.3
20.084795,-97.996895,-69.5
20.084752,-97.996895,-70.7
20.08469,-97.996887,-74.2
20.0846185,-97.9968835,-76.2
20.084547,-97.996868,-72.9
20.0844735,-97.996857,-73.9
20.0844115,-97.996853,-71.4
20.0843505,-97.9968295,-77.1
20.0842895,-97.9967805,-83.2
20.084224,-97.9967235,-83.9
20.084129,-97.9966925,-82.3
20.0840235,-97.9966735,-80.4
20.083915,-97.9966505,-75.4
20.083805,-97.996639,-79.5
20.083711,-97.9966315,-85
20.083606,-97.996639,-86.2
20.083515,-97.996601,-87.2
20.0835295,-97.9965365,-85.6
20.083501,-97.996487,-88.2
20.083481,-97.996426,-93.2
20.0832435,-97.9965245,-90.1
20.0831195,-97.9965555,-88.6
20.0830755,-97.9966125,-91.1
20.0829765,-97.9966505,-91.9
20.0829075,-97.9966925,-96.7
20.0828545,-97.996662,-93.8
20.0827865,-97.996719,-89.4
20.082692,-97.9967615,-92.5
20.0826295,-97.996788,-91.1
20.082615,-97.996773,-89.5
20.082616,-97.996765,-88.6
20.0826165,-97.996765,-89.2
20.0826155,-97.996765,-89.7
20.082612,-97.996773,-89.4
20.082603,-97.996769,-89.5
20.082601,-97.996765,-88.8
20.082601,-97.996758,-88.6
20.082593,-97.996754,-89
20.082595,-97.99675,-88.1
20.082601,-97.99675,-88.4
20.0826025,-97.996744,-89.2
20.082595,-97.9967385,-89.8
20.082587,-97.996742,-89.7
20.082591,-97.996742,-90.6
20.082597,-97.996742,-91.9
20.082601,-97.996742,-91.2
20.0826016,-97.996742,-91.1
20.082601,-97.996742,-90.8
20.0826004,-97.996742,-90
20.0826,-97.9967428,-91.2
20.0826,-97.996746,-91.6
20.0826,-97.9967492,-91.4
20.0826,-97.9967483,-91.4
20.0826,-97.996746,-91.1
20.0826,-97.9967437,-91.4
20.0826,-97.996746,-90.9
20.0826,-97.996747,-89.3
20.0826,-97.996743,-88.7
20.0826,-97.9967437,-88.8
20.0826,-97.996746,-91.4
20.0826,-97.9967483,-92.2
20.0825989,-97.99675,-93.4
20.0825943,-97.99675,-92.4
20.0825897,-97.99675,-93.6
20.0825851,-97.99675,-96.4
20.0825475,-97.99675,-94.8
20.0825215,-97.996769,-96.6
20.0824995,-97.996792,-97.2
20.0824835,-97.996796,-96.6
20.082422,-97.9967995,-96.4
20.08238,-97.996818,-97.1
20.082379,-97.996807,-97.4
20.0824035,-97.996807,-97
20.0824375,-97.996822,-93.6
20.0824775,-97.996845,-91.2
20.0825195,-97.9968605,-91.5
20.0825555,-97.996853,-90.9
20.0826035,-97.996841,-89.2
20.082635,-97.996834,-88.1
20.0826615,-97.996826,-88.7
20.082681,-97.996818,-89.2
20.0826863,-97.996818,-89.8
20.082688,-97.996818,-90.2
20.082689,-97.996818,-90.3
20.0826842,-97.996811,-90.3
20.0826848,-97.996811,-90.7
20.0826855,-97.996811,-90.8
20.0826863,-97.996811,-91.4
20.082687,-97.99681,-91.3
20.082687,-97.996806,-93.2
20.0826872,-97.996803,-90
20.0826878,-97.996803,-93.7
20.0826885,-97.996803,-94.2
20.0826876,-97.9968034,-93.3
20.082682,-97.996805,-90.2
20.0826764,-97.9968066,-88.1
20.0826708,-97.9968082,-87.7
20.0826652,-97.9968098,-89.2
20.0826455,-97.9968145,-93.3
20.0825905,-97.996834,-95.7
20.0825405,-97.996845,-98.1
20.08249,-97.9968605,-100.2
20.082432,-97.996868,-101
20.082361,-97.996876,-100.1
20.082281,-97.9968985,-103.1
20.082199,-97.9969255,-104.8
20.082119,-97.9969635,-99.3
20.0820475,-97.9970015,-96.4
20.081978,-97.997017,-98.6
20.081896,-97.997009,-97.6
20.081828,-97.996994,-94.2
20.0817875,-97.996975,-97
20.0817495,-97.996971,-96.7
20.0817105,-97.996979,-97.2
20.0816765,-97.996994,-96.4
20.0816325,-97.997002,-97.2
20.0815775,-97.997002,-95.8
20.0815125,-97.996998,-93.2
20.0814526,-97.9969833,-93.2
20.081419,-97.9969405,-93.9
20.0813854,-97.9968977,-93.7
20.0813285,-97.99691,-93.9
20.0812245,-97.9969525,-96.1
20.081134,-97.9969975,-97.1
20.0810605,-97.997028,-95.7
20.080989,-97.997051,-97.1
20.080911,-97.997074,-99.8
20.080837,-97.9970895,-100
20.080784,-97.997116,-101.2
20.080721,-97.997143,-98.8
20.080678,-97.997154,-100.8
20.0806205,-97.9971505,-104.5
20.0806,-97.997166,-108.6
20.080602,-97.9972,-107.3
20.080616,-97.9972495,-105.3
20.0806255,-97.997307,-106.8
20.0806285,-97.9973605,-101.3
20.0806445,-97.997425,-101.4
20.08066,-97.9974555,-107
20.080666,-97.997471,-108.5
20.080659,-97.997486,-109.5
20.080643,-97.99749,-106.7
20.080637,-97.997498,-106.7
20.080631,-97.9975055,-108.4
20.080636,-97.9975355,-111.5
20.0806475,-97.9975625,-110.6
20.080657,-97.997566,-107
20.080665,-97.9975815,-108.4
20.080673,-97.9976195,-106.4
20.0806855,-97.9976655,-109
20.080691,-97.9977075,-107.7
20.080693,-97.9977645,-104.8
20.080707,-97.997829,-106.3
20.080718,-97.9978905,-105.1
20.080716,-97.997921,-106.7
20.0807105,-97.9979285,-106.9
20.080713,-97.997936,-105.2
20.080722,-97.9979555,-104.8
20.080722,-97.997967,-106
20.0807035,-97.997978,-108.4
20.0806555,-97.997967,-106
20.080575,-97.997963,-104.1
20.080477,-97.9979785,-107.2
20.080392,-97.9980125,-107.7
20.080314,-97.9980545,-109.8
20.080234,-97.9980735,-110.8
20.080143,-97.998077,-110.3
20.0800485,-97.9980735,-109.8
20.079936,-97.998054,-111.8
20.0797205,-97.9979099,-108.4
20.0797025,-97.9978215,-111.8
20.0796845,-97.9977331,-112.2
20.079612,-97.997944,-114.6
20.0795795,-97.9979975,-113.6
20.079489,-97.997986,-108
20.07936,-97.9979895,-111.3
20.0792605,-97.99802,-111.2
20.079158,-97.9979975,-112.6
20.0790905,-97.997994,-114.3
20.0790365,-97.99799,-112
20.0789855,-97.99799,-114.7
20.0789545,-97.9979745,-114.8
20.078889,-97.997963,-114.8
20.078816,-97.9979515,-114.8
20.078733,-97.997936,-114.6
20.078658,-97.9979285,-115.4
20.0785865,-97.997921,-116
20.078517,-97.997902,-115.3
20.0784445,-97.997879,-116.3
20.078369,-97.997871,-116.9
20.078289,-97.9978675,-115.1
20.078211,-97.99786,-115.5
20.0781625,-97.997856,-115.4
20.0781205,-97.997848,-116
20.078066,-97.997848,-112.5
20.077986,-97.9978445,-113.6
20.077901,-97.997841,-114.7
20.0778055,-97.997814,-112.3
20.077718,-97.9978105,-111.2
20.077625,-97.997814,-110
20.0775375,-97.997826,-108.6
20.077461,-97.997856,-111.8
20.0773705,-97.997894,-113.3
20.0773,-97.997917,-113.9
20.077217,-97.997917,-113.6
20.077144,-97.997917,-112
20.077069,-97.997932,-111.9
20.076998,-97.9979325,-111.5
20.076938,-97.997944,-112.8
20.076872,-97.997948,-111.7
20.0768165,-97.997948,-112.7
20.076748,-97.9979515,-113.9
20.0766725,-97.997959,-110.5
20.076602,-97.997963,-111.2
20.0765295,-97.997963,-110.8
20.076455,-97.997963,-109.8
20.076374,-97.997967,-110.7
20.076272,-97.997994,-111.8
20.076174,-97.9980015,-110.8
20.076065,-97.9980355,-112.3
20.075978,-97.998024,-112.6
20.0758995,-97.997971,-110.1
20.075795,-97.998032,-109.4
20.0756865,-97.9980925,-110
20.075615,-97.998123,-110.8
20.0755605,-97.998173,-109.8
20.075506,-97.99823,-109.2
20.0754405,-97.9982415,-112.6
20.07538,-97.9982755,-110.7
20.075306,-97.9983105,-110.7
20.0752325,-97.9983445,-111.2
20.0751705,-97.9983635,-110.5
20.0751115,-97.998375,-112.2
20.0750495,-97.998383,-111.7
20.07498,-97.998383,-111.8
20.074895,-97.998375,-112.2
20.074806,-97.998379,-111.2
20.07473,-97.9984055,-110.6
20.0746825,-97.998436,-110.5
20.0746455,-97.9984705,-112.1
20.074583,-97.998497,-112.2
20.0745115,-97.998516,-113.9
20.074435,-97.998516,-114.7
20.0743615,-97.998493,-116.3
20.0743205,-97.998474,-117.7
20.0742865,-97.9984395,-117.6
20.0742395,-97.9983905,-118.5
20.0741625,-97.998333,-117.2
20.074055,-97.998314,-119.4
20.0739805,-97.998329,-120.2
20.07394,-97.99839,-118.4
20.073906,-97.998459,-118.2
20.0738155,-97.9985165,-118.2
20.0737455,-97.998558,-115.9
20.073669,-97.9985845,-114
20.0736,-97.9986535,-113.8
20.073493,-97.9986915,-112
20.0734425,-97.998772,-114.8
20.073386,-97.9988325,-112.2
20.073325,-97.9988785,-113
20.0732565,-97.998943,-111.5
20.07317,-97.999031,-110.4
20.0730865,-97.9991075,-107.4
20.073003,-97.9991835,-113
20.072927,-97.999237,-110.8
20.0728455,-97.9993095,-112.5
20.072771,-97.999363,-114.1
20.0727045,-97.999439,-115
20.072634,-97.9995155,-115
20.072561,-97.9995955,-117.2
20.07248,-97.999695,-118.3
20.0724165,-97.9997694,-117.5
20.0723585,-97.9998379,-115.9
20.0722815,-97.999905,-115.4
20.072217,-97.9999355,-115.7
20.07216,-97.9999885,-115.2
20.072097,-98.0000155,-116.4
20.072015,-98.0000535,-118
20.071908,-98.000084,-117.8
20.0717785,-98.000084,-117.9
20.071659,-98.000088,-117.6
20.071538,-98.0000765,-119.3
20.071415,-98.000061,-119.5
20.0713265,-98.0001105,-120
20.071186,-98.000107,-121.1
20.071125,-98.0001645,-120
20.071038,-98.0001945,-121.2
20.070942,-98.000225,-120.5
20.070862,-98.000282,-118.8
20.070817,-98.0003395,-119.5
20.07076,-98.000412,-120.2
20.0707195,-98.0004845,-120.8
20.0706825,-98.000534,-119.9
20.070655,-98.000618,-120.5
20.070654,-98.000698,-121.2
20.070693,-98.000767,-120.6
20.07075,-98.000824,-120.6
20.0708265,-98.000889,-119.7
20.070884,-98.0009115,-117.3
20.070956,-98.0009495,-115.1
20.0710325,-98.001007,-117
20.0711355,-98.001049,-117.1
20.071227,-98.001072,-116.6
20.071303,-98.0010525,-117
20.0713665,-98.0010335,-116.8
20.0714425,-98.0010225,-115.1
20.0715275,-98.001011,-114.1
20.071595,-98.001026,-115.6
20.07166,-98.0010565,-115.7
20.071724,-98.0010945,-114.9
20.0717795,-98.001152,-112.9
20.0718255,-98.0012245,-112.1
20.071849,-98.0012895,-114.8
20.071854,-98.0013505,-114.6
20.0718605,-98.0014075,-113.1
20.0718765,-98.001469,-112.3
20.0718995,-98.001549,-110
20.0719225,-98.0016825,-107
20.0719665,-98.0017965,-104.9
20.0720245,-98.0019225,-104.1
20.0720795,-98.002052,-107.3
20.0721065,-98.002121,-108.1
20.0721285,-98.002106,-109.9
20.0721095,-98.002079,-107.4
20.0719935,-98.002163,-106.3
20.0718775,-98.0022275,-105.6
20.0718,-98.002239,-105.8
20.071742,-98.002266,-105.2
20.071669,-98.0022965,-104.4
20.071501,-98.002335,-102.9
20.0714295,-98.002388,-101.2
20.071344,-98.002407,-105.6
20.071287,-98.002373,-109.8
20.0712435,-98.002331,-108.9
20.0712055,-98.002308,-105.1
20.0711435,-98.0022925,-106.1
20.071083,-98.002285,-104.1
20.0710315,-98.0023155,-102.7
20.0709925,-98.002384,-103.4
20.0709585,-98.0024605,-106.3
20.0709205,-98.002575,-108.8
20.0708735,-98.0026395,-108.4
20.0708275,-98.002705,-112.7
20.070767,-98.0027695,-112.7
20.0706855,-98.0028305,-115.1
20.0706055,-98.002922,-115.6
20.0705115,-98.0030365,-116.3
20.070412,-98.0031395,-116.6
20.0703495,-98.0032235,-116.7
20.0703135,-98.0033225,-117.8
20.070282,-98.003437,-123
20.070278,-98.0035515,-124.1
20.070287,-98.003666,-123.8
20.070289,-98.0037915,-123.4
20.070261,-98.0039215,-121.8
20.0702245,-98.0040435,-121.6
20.0701925,-98.004158,-121.4
20.070221,-98.0042645,-121.3
20.0702315,-98.0043715,-121.6
20.070244,-98.0044515,-120.9
20.0702315,-98.004585,-122
20.0702305,-98.0047495,-121.8
20.070266,-98.0048485,-123.2
20.0702745,-98.004959,-124.4
20.070281,-98.0050505,-124
20.070224,-98.0051535,-123.7
20.0701325,-98.0052565,-123.2
20.0700845,-98.005287,-123
20.069998,-98.005379,-122.6
20.069927,-98.0054435,-121.1
20.0698315,-98.005516,-120.4
20.069732,-98.005581,-121
20.069709,-98.0056,-120.6
20.069745,-98.005604,-122.5
20.0694655,-98.005657,-121.8
20.0694345,-98.005688,-124.5
20.0693655,-98.005707,-123.5
20.0693325,-98.0057375,-123.7
20.0692895,-98.0057715,-123.4
20.069235,-98.005825,-122.6
20.069158,-98.00589,-121.9
20.0690545,-98.0059395,-120.8
20.0689865,-98.0059435,-120.3
20.0689145,-98.005966,-121.4
20.0687855,-98.0060005,-119.3
20.068691,-98.0060425,-117.6
20.068558,-98.006069,-116.8
20.0684805,-98.006077,-114.4
20.0684495,-98.006077,-117.8
20.068406,-98.006008,-118.2
20.0683295,-98.005985,-119
20.0682155,-98.005867,-118.6
20.068193,-98.0058705,-118.6
20.068212,-98.005871,-118.6
20.0682345,-98.0059245,-117.5
20.068228,-98.0059435,-117.2
20.068227,-98.005924,-117.1
20.0682515,-98.005905,-117.6
20.068265,-98.0059125,-118.4
20.0682775,-98.005932,-117.3
20.0682883,-98.0059413,-117.8
20.0683185,-98.005936,-118.7
20.0683765,-98.005943,-116.8
20.068445,-98.0059395,-116.4
20.068518,-98.005936,-115.4
20.068625,-98.0059205,-114.8
20.068778,-98.0059055,-119.2
20.0689135,-98.0058745,-120.2
20.069087,-98.005821,-114.2
20.069192,-98.005787,-119.4
20.069275,-98.0057565,-119.1
20.0693255,-98.0057335,-120.7
20.0693825,-98.0057255,-119
20.069419,-98.005642,-118.1
20.0694485,-98.005661,-119.8
20.069516,-98.0056455,-119.3
20.069583,-98.0056,-119.1
20.0697015,-98.005539,-117.7
20.0698775,-98.005463,-117.6
20.0699045,-98.0053865,-117.2
20.0700055,-98.005333,-120.8
20.0701065,-98.0052295,-120.2
20.070176,-98.005165,-119.9
20.0702385,-98.005108,-123.8
20.070345,-98.005062,-126.5
20.070318,-98.0048445,-125.2
20.070264,-98.004715,-125.1
20.0702325,-98.0045815,-124.2
20.070218,-98.004425,-124.6
20.070247,-98.0042495,-124.8
20.0702725,-98.0041085,-124.8
20.0703065,-98.003952,-127.2
20.0703345,-98.003788,-124.1
20.070335,-98.0036165,-124.4
20.07034,-98.0034485,-120.5
20.0704185,-98.003315,-118.6
20.0704295,-98.003208,-113
20.070495,-98.0030635,-113.4
20.0706245,-98.0029375,-111.5
20.0707285,-98.0028305,-110.6
20.070852,-98.0027085,-111.6
20.070931,-98.002594,-110.6
20.0709675,-98.002529,-110
20.0710095,-98.0024645,-103.2
20.0710715,-98.002407,-97.2
20.0711005,-98.002327,-100.4
20.0711375,-98.0022735,-103.2
20.071248,-98.002205,-104.2
20.0713055,-98.0022315,-105.4
20.07135,-98.002258,-107.7
20.071404,-98.0022585,-107
20.071468,-98.002266,-96.3
20.071558,-98.0022925,-99.3
20.071679,-98.0023235,-97.9
20.0718285,-98.002293,-100.2
20.0719815,-98.00222,-100.2
20.0721635,-98.0021515,-107
20.072276,-98.002121,-102.1
20.072301,-98.0020485,-109.4
20.072244,-98.0019225,-104.9
20.072133,-98.001789,-106.2
20.0720575,-98.0016555,-107.2
20.0720035,-98.001545,-112.1
20.0719575,-98.001469,-113.5
20.071945,-98.0014115,-113.9
20.071948,-98.0013845,-116.2
20.0718805,-98.0013545,-114.4
20.0718605,-98.001339,-112.5
20.071827,-98.00132,-115.5
20.0718175,-98.0012815,-115.8
20.0717955,-98.001236,-116.6
20.0717685,-98.001175,-112.3
20.0717185,-98.0011175,-118
20.07166,-98.0010835,-116.3
20.0716075,-98.0010565,-117
20.0715875,-98.0010185,-117.6
20.0715865,-98.0010225,-114.4
20.071536,-98.0010645,-117.1
20.071456,-98.0011025,-114.7
20.071289,-98.00111,-117
20.0711405,-98.001091,-116.2
20.0710535,-98.001099,-117.6
20.0709915,-98.001072,-116.4
20.070915,-98.0009995,-120.2
20.0708275,-98.000961,-121.5
20.070724,-98.0009495,-121.7
20.0706605,-98.0009,-122.2
20.0706205,-98.0008275,-122
20.0705975,-98.0007705,-122
20.070593,-98.000713,-121.2
20.070583,-98.000637,-119.1
20.0705945,-98.000565,-119.5
20.070635,-98.000496,-120.4
20.0706885,-98.0004425,-120.3
20.070753,-98.000393,-120
20.070829,-98.0003475,-121.7
20.070944,-98.0002975,-123.6
20.07104,-98.0002475,-122.6
20.0711375,-98.0001985,-124.7
20.0712435,-98.0001525,-125.4
20.0713665,-98.000103,-124.4
20.0715035,-98.000099,-123.6
20.0716095,-98.000107,-122
20.071717,-98.000099,-123.2
20.0718455,-98.000103,-120.6
20.0719635,-98.000122,-118.9
20.0720655,-98.000122,-116.4
20.0721455,-98.000069,-113.4
20.0721795,-98.000061,-114.2
20.072234,-98.000015,-115.1
20.0722775,-97.999939,-114.1
20.072339,-97.999859,-117.5
20.0724145,-97.9997635,-118.9
20.072503,-97.9996795,-119.3
20.0725745,-97.999599,-114.8
20.072641,-97.9995155,-116.9
20.0727255,-97.9994585,-114.6
20.07281,-97.999397,-113.1
20.072895,-97.999325,-109
20.072984,-97.9992485,-106.3
20.0730715,-97.9991455,-101.9
20.0731565,-97.9990425,-103.6
20.0732395,-97.9989435,-108.2
20.073311,-97.998882,-105.5
20.0733825,-97.99881,-108.6
20.0735225,-97.998745,-110.1
20.0736075,-97.9986305,-112.2
20.0736905,-97.9985925,-114.8
20.073771,-97.9985085,-115.3
20.073827,-97.998436,-115
20.073903,-97.9983635,-117.4
20.073987,-97.998295,-116.5
20.0740845,-97.998291,-116.9
20.0741785,-97.99831,-116
20.074262,-97.9983365,-117.7
20.074335,-97.998337,-117.2
20.074398,-97.998417,-115.8
20.074446,-97.9984855,-117.1
20.0744695,-97.998516,-115.8
20.074524,-97.998539,-113.4
20.0746,-97.9985425,-110.6
20.0746575,-97.998512,-111.5
20.0746865,-97.998482,-110.3
20.0747255,-97.9984625,-110
20.0747705,-97.998432,-111.2
20.074822,-97.9984015,-111
20.0748895,-97.998375,-109
20.0749465,-97.998352,-109.1
20.0750035,-97.998314,-106.6
20.0750505,-97.998253,-108.8
20.0751115,-97.998211,-107.9
20.07519,-97.998211,-108.2
20.075275,-97.998215,-109.4
20.0753545,-97.998215,-110.5
20.07543,-97.998215,-109.9
20.0754945,-97.9982185,-106.8
20.0755415,-97.998215,-108
20.075591,-97.9982035,-108.3
20.075653,-97.9981765,-107.6
20.075733,-97.9981425,-105.4
20.0758335,-97.998127,-107
20.075925,-97.998108,-108.7
20.076027,-97.998089,-108.8
20.0761345,-97.9980925,-107.8
20.0762555,-97.998066,-108.2
20.0763735,-97.9980465,-107.6
20.0764855,-97.9980395,-107.4
20.0766105,-97.99802,-106.4
20.076742,-97.997994,-106.6
20.0767975,-97.9979935,-106.8
20.0768715,-97.997967,-106.5
20.076938,-97.99794,-107.6
20.0770245,-97.9979285,-108.6
20.077109,-97.9979325,-109.2
20.077179,-97.997944,-109.2
20.077241,-97.997932,-110.1
20.0773155,-97.997913,-109.7
20.0773965,-97.9978865,-109.7
20.0774515,-97.997879,-109.5
20.0775035,-97.99786,-107.5
20.077564,-97.9978405,-107
20.077639,-97.997822,-108.7
20.077723,-97.997814,-109.2
20.077814,-97.997818,-110.6
20.077902,-97.997833,-114.3
20.0780065,-97.997852,-110.6
20.0781,-97.997848,-112.4
20.0781755,-97.9978295,-113.4
20.0782155,-97.997826,-110.7
20.078247,-97.997822,-112
20.078288,-97.9978295,-111.8
20.078351,-97.9978445,-110.6
20.078415,-97.997852,-111.5
20.078477,-97.997864,-109.4
20.0785495,-97.997875,-110.9
20.0786065,-97.9978905,-106.5
20.078666,-97.997906,-107
20.078743,-97.9978985,-106.5
20.078822,-97.997902,-107.1
20.0789305,-97.9979285,-107.8
20.0790365,-97.9979665,-106.8
20.079152,-97.998009,-107.8
20.0792655,-97.998028,-108.7
20.0793765,-97.998032,-107.6
20.0794925,-97.998039,-104.8
20.0796165,-97.998039,-105.3
20.0797415,-97.998024,-103.6
20.0798605,-97.9980355,-104.1
20.0799915,-97.998039,-106.3
20.080063,-97.998032,-104.3
20.080161,-97.998043,-107.4
20.0802465,-97.9980465,-105.7
20.080353,-97.998058,-104.6
20.0804545,-97.998047,-102.6
20.0805715,-97.998043,-97.3
20.0806895,-97.998024,-97.1
20.080791,-97.998005,-99.7
20.080884,-97.9979935,-100.9
20.080971,-97.99799,-100.3
20.0810445,-97.997982,-97
20.081091,-97.9979745,-94.8
20.0811385,-97.9979745,-91.9
20.081211,-97.997963,-91.7
20.0813055,-97.997936,-89.4
20.081444,-97.997906,-90.2
20.0815895,-97.997883,-94.4
20.081725,-97.99786,-96.7
20.081875,-97.997768,-94.9
20.0819635,-97.9977455,-92.3
20.082038,-97.9978105,-94
20.0821065,-97.9978485,-96.1
20.0820935,-97.997887,-94.7
20.0821725,-97.9979285,-91.2
20.0822955,-97.9979475,-94.6
20.082451,-97.99794,-96.6
20.0825415,-97.9979745,-92.4
20.0825975,-97.997986,-92
20.0826305,-97.9980205,-88.5
20.082714,-97.998043,-89
20.0828265,-97.998085,-87.6
20.0829575,-97.9980965,-89.3
20.0830775,-97.998112,-86.2
20.0832145,-97.9981045,-84.6
20.083305,-97.998104,-87.2
20.0833505,-97.998112,-87.6
20.0834065,-97.998123,-85.5
20.0834985,-97.9981305,-86.2
20.0836145,-97.998127,-86.8
20.0837345,-97.9981345,-85.2
20.0838345,-97.998127,-81.6
20.0839395,-97.9981195,-82.9
20.084027,-97.9980965,-80.1
20.084155,-97.9980965,-81.3
20.0843175,-97.998085,-78.9
20.084494,-97.9980545,-79.8
20.0846335,-97.99802,-77.9
20.08479,-97.9980015,-77.4
20.084954,-97.9979745,-75.6
20.0850965,-97.997967,-77.9
20.0852245,-97.9979785,-75.8
20.085332,-97.997971,-80.7
20.0853975,-97.997978,-80.5
20.0854385,-97.997994,-82.1
20.085475,-97.99799,-79.2
20.0855325,-97.99799,-85
20.0856,-97.9980085,-85.9
20.085698,-97.9980015,-91.2
20.0858265,-97.9980015,-81.7
20.085938,-97.9979895,-79.8
20.08605,-97.9979745,-85.1
20.0861235,-97.9979785,-84.7
20.086162,-97.997959,-88
20.086209,-97.997967,-87.7
20.0862645,-97.997978,-86.2
20.0862795,-97.997978,-88.5
20.0862855,-97.9980315,-90.6
20.086264,-97.998249,-90.4
20.0862485,-97.9983105,-93.6
20.0861785,-97.998455,-98
20.0861245,-97.998592,-95.5
20.086154,-97.9987755,-92.4
20.0861275,-97.9988175,-98.2
20.086125,-97.9988175,-100.3
20.0861495,-97.9988285,-104.2
20.086293,-97.9988325,-101.9
20.086451,-97.998821,-99.9
20.086584,-97.998783,-97.2
20.0867165,-97.9987795,-103.2
20.0868895,-97.998756,-103.7
20.086909,-97.998787,-104.2
20.086935,-97.9988175,-101
20.086975,-97.998882,-99.5
20.087023,-97.9989245,-96.8
20.087058,-97.9990005,-92.7
20.087097,-97.999058,-96.4
20.0871535,-97.999134,-99.2
20.087203,-97.999233,-100.2
20.087242,-97.9993135,-101
20.0872585,-97.9993895,-100.2
20.0873355,-97.999447,-101.3
20.0873845,-97.9994465,-97.6
20.0874115,-97.999439,-102.3
20.087468,-97.999462,-103.2
20.08754,-97.999466,-104.8
20.0876405,-97.9994545,-105.5
20.0877515,-97.9994505,-106.2
20.087848,-97.999435,-104.8
20.0879165,-97.999447,-108.1
20.0880125,-97.9995075,-108.8
20.088114,-97.999527,-109.6
20.088195,-97.99955,-108.7
20.0882745,-97.9995575,-107.8
20.088398,-97.999588,-106.7
20.088479,-97.9996185,-108.1
20.0885355,-97.999588,-104.8
20.0885905,-97.9995575,-104.1
20.0886595,-97.9995155,-105.2
20.0887365,-97.9994885,-105.6
20.0888045,-97.999443,-108.2
20.0888475,-97.9994165,-106.5
20.088933,-97.999382,-106
20.0889685,-97.999401,-105.3
20.0890055,-97.999344,-104.2
20.0890495,-97.9993095,-104.5
20.0890495,-97.9993055,-105.2
20.089054,-97.999292,-106.7
20.0890825,-97.9992675,-108.8
20.0891305,-97.9992445,-105.4
20.0891834,-97.9992296,-107.1
20.089249,-97.99926,-100.8
20.0893146,-97.9992904,-100.4
20.0893745,-97.999218,-103.9
20.0894605,-97.999138,-104.7
20.089528,-97.9990845,-104.2
20.0896005,-97.9990655,-106.9
20.089683,-97.999031,-109
20.0897885,-97.998936,-110.9
20.089882,-97.998886,-109.4
20.0899455,-97.9988745,-112.6
20.0899915,-97.9988745,-109.9
20.0900525,-97.998848,-108.7
20.090107,-97.9988135,-109.9
20.0901745,-97.9987835,-112.6
20.090272,-97.998749,-113
20.090347,-97.998722,-113.9
20.090389,-97.998718,-112.8
20.090439,-97.9986835,-110.7
20.0904515,-97.998657,-110.2
20.090454,-97.9986155,-112.3
20.0904335,-97.9985655,-113.1
20.0904015,-97.9984855,-114.3
20.0903685,-97.998402,-112.7
20.0903465,-97.998318,-113.2
20.090328,-97.998234,-114.1
20.09031,-97.9981615,-112.6
20.0902825,-97.998085,-113.6
20.0902415,-97.998005,-115.8
20.0902045,-97.9979435,-113.9
20.090185,-97.9979095,-112.9
20.090185,-97.997879,-111.1
20.0902005,-97.997837,-114.6
20.0902805,-97.9977875,-111.6
20.0904475,-97.9977265,-112.2
20.0905705,-97.99765,-115.4
20.090677,-97.9975395,-115.6
20.090786,-97.997425,-115.9
20.090873,-97.9973835,-117.6
20.090892,-97.997364,-118.7
20.0909235,-97.9973375,-115.5
20.0909795,-97.997299,-116.4
20.091074,-97.997238,-119
20.0911465,-97.9971615,-117.8
20.0912085,-97.997074,-119.4
20.091275,-97.99699,-116.9
20.0913505,-97.9969135,-116.9
20.0913905,-97.9968605,-120.6
20.091426,-97.9968185,-117.4
20.091447,-97.996792,-116.7
20.091461,-97.996769,-117.9
20.0914728,-97.996758,-119.3
20.0914878,-97.996758,-121.3
20.0915085,-97.996754,-116.7
20.0915435,-97.9967115,-116.6
20.0915995,-97.9966015,-114.5
20.091718,-97.9964865,-121.5
20.0917875,-97.9963915,-120.5
20.0918265,-97.996311,-115.4
20.091899,-97.996235,-116
20.091971,-97.9961355,-114.6
20.092057,-97.996086,-114.2
20.092097,-97.996071,-113.2
20.0921285,-97.996037,-113.2
20.09215,-97.9959755,-116.3
20.0922185,-97.9958305,-113.5
20.0922965,-97.995731,-112.5
20.0923475,-97.9956095,-113.4
20.0923825,-97.995537,-112.6
20.0924145,-97.995518,-113.8
20.0924465,-97.9954795,-117.8
20.092491,-97.995411,-115.2
20.0925495,-97.9953,-114.5
20.0926245,-97.9952165,-115.7
20.092682,-97.995125,-116.3
20.092755,-97.9950335,-115.8
20.0928095,-97.9949345,-116.3
20.092842,-97.994797,-117.5
20.092861,-97.9947395,-117.4
20.092876,-97.9947125,-117.8
20.092877,-97.9946555,-117.1
20.092885,-97.994587,-117.4
20.092907,-97.994503,-117.1
20.0929425,-97.994442,-116.2
20.092993,-97.994244,-118.8
20.093075,-97.994095,-123.4
20.0931445,-97.9939845,-125.4
20.0931885,-97.9939235,-124
20.0932085,-97.993885,-123.3
20.0932445,-97.993828,-121
20.0932855,-97.993736,-120
20.093341,-97.9936025,-121.2
20.0933885,-97.993454,-119.1
20.0933685,-97.9933775,-120
20.0934245,-97.993286,-122.2
20.0934685,-97.9931755,-121.7
20.0935305,-97.9931105,-122.1
20.0935525,-97.993031,-119.8
20.0936015,-97.9929695,-119.4
20.0936315,-97.992943,-121.6
20.0936775,-97.9928665,-122.2
20.093705,-97.992752,-126
20.093753,-97.9926795,-127.6
20.093852,-97.992565,-126.9
20.0939115,-97.9924085,-121.2
20.094024,-97.992237,-120.5
20.094177,-97.992073,-119.2
20.094256,-97.9918975,-119
20.094354,-97.991749,-117.5
20.094404,-97.9915885,-118.4
20.09445,-97.9914515,-117.9
20.0945065,-97.991287,-118.9
20.094569,-97.991146,-120
20.0946475,-97.991024,-118.7
20.094714,-97.9909095,-119
20.0947775,-97.99078,-120.2
20.09484,-97.9906805,-121.4
20.09488,-97.990601,-120.9
20.0949195,-97.990494,-120.8
20.0949725,-97.990425,-126.3
20.0950135,-97.990341,-127
20.095044,-97.990219,-128.8
20.09505,-97.990101,-132
20.095061,-97.9900325,-133
20.0950615,-97.989998,-131.9
20.0950845,-97.989952,-129.9
20.095125,-97.9898875,-131.5
20.095151,-97.989796,-131.2
20.0952175,-97.98967,-134.2
20.095272,-97.9895665,-135.7
20.0953305,-97.989456,-135.7
20.0953865,-97.9893495,-130.3
20.095442,-97.9892385,-126.2
20.0955095,-97.9891315,-124.2
20.095554,-97.989029,-125
20.09562,-97.9888955,-123.5
20.095702,-97.988785,-123
20.095789,-97.9886555,-123.7
20.0958465,-97.988529,-123.4
20.095913,-97.98843,-122.2
20.0959875,-97.988323,-121.7
20.096058,-97.9882315,-122
20.096126,-97.988102,-122.2
20.096205,-97.987999,-123.3
20.096284,-97.9879645,-122.6
20.0963475,-97.987942,-122.1
20.0963955,-97.9879495,-124.2
20.0964085,-97.987995,-125.1
20.0964425,-97.9880565,-124.3
20.0964555,-97.9880865,-124.9
20.0964745,-97.9881135,-124.4
20.0964995,-97.98814,-123.9
20.096512,-97.9881665,-123.7
20.0965125,-97.9881913,-122.3
20.0965105,-97.9882143,-121.2
20.0965085,-97.9882373,-121
20.096504,-97.9882545,-121.9
20.0965185,-97.988262,-122.8
20.0965415,-97.9882885,-121.6
20.0965735,-97.9883305,-121.2
20.0966005,-97.9883725,-122.8
20.096629,-97.988392,-122
20.0966595,-97.9884225,-123
20.0966855,-97.9884685,-124
20.09671,-97.988529,-126
20.0967405,-97.9885865,-127
20.0967755,-97.9886365,-127.6
20.096819,-97.9886815,-126.1
20.096859,-97.9887085,-126.9
20.0968935,-97.98872,-128.7
20.096941,-97.988712,-130.2
20.0969865,-97.988678,-127.8
20.0970285,-97.9886365,-127.2
20.0970725,-97.9885905,-127.2
20.0971195,-97.9885405,-125
20.0971715,-97.9885025,-124.6
20.097212,-97.988472,-124.9
20.097226,-97.988457,-124
20.0972255,-97.9884623,-125.6
20.0972195,-97.988472,-125.9
20.097213,-97.988491,-126.2
20.097205,-97.98851,-128.8
20.0971965,-97.988514,-128.9
20.097189,-97.988502,-128.4
20.097184,-97.988514,-128.7
20.09718,-97.9885215,-129.3
20.0971795,-97.988529,-129.1
20.097175,-97.988525,-128.9
20.097169,-97.988525,-127.8
20.0971535,-97.9885215,-127.4
20.097134,-97.9885215,-126.5
20.0971095,-97.988537,-126.3
20.097091,-97.988552,-127.8
20.0970705,-97.9885675,-128.2
20.097047,-97.9885865,-128.8
20.0970245,-97.9886095,-129
20.097009,-97.9886325,-130.6
20.0969835,-97.988678,-129.9
20.096942,-97.9887235,-130
20.0969025,-97.988747,-129.6
20.0968665,-97.9887315,-128.6
20.0968225,-97.988678,-128.4
20.0967855,-97.988617,-128.1
20.0967485,-97.9885675,-127.3
20.0967589,-97.9885215,-126
20.0967854,-97.9884755,-125.7
20.0968095,-97.988407,-125.5
20.096755,-97.9883465,-126.2
20.0966825,-97.988304,-124.8
20.096616,-97.9882585,-125.4
20.0965565,-97.988205,-125.1
20.0964945,-97.9881515,-128.6
20.0964425,-97.9880905,-126.8
20.0963955,-97.9880295,-126.8
20.0963495,-97.9879685,-127.8
20.0963005,-97.9879225,-126.2
20.096259,-97.9879035,-125.7
20.0962265,-97.9879075,-124.3
20.096177,-97.988003,-124.4
20.0960485,-97.9881245,-125.1
20.0959605,-97.988228,-125.5
20.0958835,-97.9883615,-126
20.0958185,-97.9884945,-124.6
20.095744,-97.988655,-124.3
20.095647,-97.9887925,-125.8
20.095561,-97.9889295,-127.2
20.095469,-97.989052,-127.5
20.095383,-97.9891815,-129.8
20.095311,-97.9893225,-132.2
20.0952545,-97.9894525,-136.4
20.095214,-97.9895935,-136.4
20.094477,-97.991375,-118.7
20.094396,-97.9915045,-119.3
20.094314,-97.9916305,-120.2
20.094226,-97.9917715,-122.1
20.094146,-97.9918975,-122.8
20.0940695,-97.9920425,-122.5
20.093998,-97.992176,-124.1
20.0939105,-97.992294,-123.9
20.093733,-97.992371,-127.1
20.0936965,-97.9924885,-129.8
20.0936835,-97.9925995,-128.4
20.0936755,-97.9927445,-127.6
20.0936555,-97.992863,-124.3
20.093645,-97.9929505,-124.1
20.093618,-97.9930345,-122.4
20.093618,-97.9930685,-123
20.0936095,-97.9931225,-120.5
20.093565,-97.993202,-122.5
20.0935285,-97.993294,-123.3
20.093488,-97.993389,-119.8
20.093467,-97.993473,-119.5
20.093399,-97.993618,-121
20.093336,-97.993717,-119.9
20.0932805,-97.993816,-119.2
20.093239,-97.9938815,-121.1
20.0932255,-97.9939155,-124.2
20.093189,-97.993992,-124.6
20.0931275,-97.9940985,-123.2
20.0930845,-97.9942165,-118.6
20.0930155,-97.9943505,-117.4
20.092942,-97.994507,-119.6
20.0928925,-97.994629,-118.1
20.0928625,-97.9947245,-119.6
20.0928365,-97.9947705,-120
20.092804,-97.9948195,-120.8
20.0927515,-97.994923,-118.2
20.092704,-97.9950105,-119.8
20.092636,-97.9951055,-118.8
20.0925645,-97.995228,-119.1
20.092514,-97.9953235,-117.9
20.092455,-97.9954265,-117.4
20.092409,-97.9955215,-120.9
20.0923785,-97.9955905,-117.5
20.092357,-97.9956245,-115.8
20.0923265,-97.995693,-114.8
20.0922705,-97.995781,-116.5
20.092225,-97.9958805,-116.4
20.092149,-97.9960175,-117.7
20.09208,-97.996128,-117
20.0920135,-97.996208,-118
20.09194,-97.9963035,-117.9
20.091872,-97.99638,-120.6
20.0918095,-97.9964485,-122.8
20.091753,-97.9965055,-116.4
20.091676,-97.996582,-118.4
20.0916235,-97.9966545,-120.6
20.0915695,-97.9967115,-123.8
20.091527,-97.996773,-119.8
20.091421,-97.9968035,-123.2
20.091345,-97.996758,-121.4
20.0913905,-97.9969175,-121.4
20.091301,-97.9970055,-120.4
20.091198,-97.997074,-117.6
20.091109,-97.9971885,-118.1
20.0910005,-97.9972495,-119.4
20.090946,-97.9973415,-118.6
20.0909195,-97.9973755,-116.8
20.0908815,-97.997425,-114.4
20.090814,-97.99749,-115.1
20.090727,-97.997547,-115.4
20.090621,-97.997654,-112.4
20.0905025,-97.9977305,-112.4
20.0903845,-97.997875,-113.5
20.090293,-97.9979785,-113.9
20.0901835,-97.998043,-112.9
20.0901395,-97.998043,-114.5
20.0901115,-97.998032,-113.9
20.090027,-97.998032,-108.7
20.089897,-97.9980585,-109
20.089796,-97.9980735,-114.4
20.0896675,-97.998062,-110.6
20.089537,-97.998054,-105.8
20.0894255,-97.9980505,-106.1
20.089314,-97.998047,-105.8
20.0892535,-97.9980355,-106.1
20.0891915,-97.9980085,-103.9
20.0891345,-97.9980205,-104.6
20.089032,-97.998005,-105.3
20.088913,-97.998016,-104.3
20.0888575,-97.9980355,-103.2
20.088777,-97.998047,-99.9
20.0886625,-97.998043,-98.3
20.0885565,-97.9980695,-96.6
20.088437,-97.9980775,-94.6
20.088323,-97.9980925,-94
20.088293,-97.998081,-95.3
20.088273,-97.9980775,-94.6
20.0882065,-97.9980545,-93.2
20.0881335,-97.9980505,-88.4
20.088027,-97.998077,-87.2
20.087907,-97.9980545,-85.3
20.087847,-97.9980505,-88.9
20.0877525,-97.998047,-89
20.0876485,-97.9980355,-91.1
20.0874445,-97.99807,-93.4
20.087273,-97.9981385,-92.9
20.087165,-97.9981385,-91.7
20.087085,-97.9981,-93.2
20.087105,-97.9980925,-92.3
20.087118,-97.9980735,-87.9
20.0872065,-97.998051,-89.1
20.0871685,-97.998058,-88.9
20.087166,-97.998024,-92.2
20.087161,-97.9979435,-95.9
20.087162,-97.997875,-94.2
20.087146,-97.9977455,-96
20.087031,-97.997608,-93.1
20.0869815,-97.997532,-93.3
20.0869455,-97.997471,-97.6
20.086895,-97.9974175,-90.6
20.0868255,-97.997368,-92
20.086728,-97.997326,-92.4
20.0866869,-97.9973134,-90.9
20.0866614,-97.9973019,-87
20.086463,-97.9971775,-80.6
20.0863525,-97.9972,-85.3
20.0862925,-97.9971735,-84.4
20.0861815,-97.9971315,-78.5
20.0861165,-97.9971505,-76.8
20.086076,-97.9971465,-77.5
20.0860265,-97.9971085,-78.9
20.0859805,-97.997078,-80.5
20.085905,-97.997055,-79.4
20.08582,-97.997032,-79.9
20.085739,-97.9970205,-78.7
20.085696,-97.9969905,-79.9
20.0856055,-97.996933,-80.8
20.0855445,-97.996891,-80.6
20.0854985,-97.996876,-85.3
20.0854665,-97.996876,-84.5
20.0854435,-97.996872,-83.6
20.0854235,-97.9968605,-84.1
20.085414,-97.996853,-82.6
20.0854215,-97.996857,-83.8
20.0853975,-97.9968605,-84.5
20.0853375,-97.996864,-83
20.08525,-97.9968835,-81.6
20.0851145,-97.99691,-80.6
20.085027,-97.996933,-78.5
20.0849895,-97.9969405,-75
20.0849475,-97.996929,-77.7
20.084946,-97.9969215,-78.4
20.0849485,-97.9968985,-78.1
20.084953,-97.99691,-72.7
20.084943,-97.996918,-74.2
20.0849385,-97.996918,-74.6
20.084942,-97.996906,-75.1
20.0849395,-97.996908,-76.5
20.0849125,-97.996906,-80.2
20.0848885,-97.99691,-71.9
20.0848705,-97.9969215,-71.9
20.0849025,-97.996929,-74.1
20.084895,-97.996929,-79.9
20.084879,-97.9969445,-76
20.084865,-97.99696,-68.5
20.0848425,-97.99696,-69.5
20.084826,-97.996956,-70.7
